feedback_id,created_at,segment,channel,region,account_type,product_area,rating,booking_frequency,feedback
FB-000001,2026-04-05T07:57:00Z,small_business,survey,Karachi,operator,checkout,2,occasional,It would help to show an all-in price in search results.
FB-000002,2026-04-25T12:22:00Z,coworking_operator,interview_excerpt,Riyadh,operator,operator_tools,1,occasional,"The calendar is usable, but bulk close is still limited for some inventory. The first booking was fine and the second one wasn't."
FB-000003,2026-02-19T15:49:00Z,freelancer,account_team_note,Lahore,individual,confirmation,2,weekly,I need faster confirmation because I usually book on the way to a meeting.
FB-000004,2026-04-11T18:31:00Z,coworking_operator,support_ticket,Karachi,operator,support,3,weekly,Support was helpful and solved the issue on the first reply. This is the main reason I'd hesitate to book again.
FB-000005,2026-06-12T03:47:00Z,small_business,app_review,Dubai,individual,availability,2,weekly,I had a confirmed booking and there wasn't actually a free room when I arrived. This is the main reason I'd hesitate to book again.
FB-000006,2025-08-17T03:09:00Z,freelancer,account_team_note,Remote,business_basic,checkout,2,weekly,"The final total was correct, but the pricing breakdown could be easier to scan. Our team has around eight people."
FB-000007,2025-11-27T00:58:00Z,company_admin,app_review,Lahore,business_plus,accounts,2,occasional,"The company allowance is useful, but I sometimes lose track of which profile I'm using. Not a deal-breaker, just annoying."
FB-000008,2026-06-02T22:46:00Z,coworking_operator,survey,Lahore,operator,operator_tools,1,occasional,Availability sometimes takes too long to reflect a change we made in the portal.
FB-000009,2025-09-10T19:46:00Z,remote_employee,account_team_note,Manchester,business_basic,billing,2,weekly,Can the monthly statement be a proper invoice instead of just a booking summary?
FB-000010,2025-10-18T19:17:00Z,small_business,email_feedback,Dubai,individual,confirmation,2,first_time,The booking was confirmed in the app but the email came twenty minutes later. Support eventually sorted it out.
FB-000011,2025-10-30T13:47:00Z,small_business,in_app_feedback,Remote,business_basic,booking_changes,1,first_time,It's not clear which bookings can be changed directly. This happened twice this month.
FB-000012,2026-05-28T15:45:00Z,coworking_operator,survey,Karachi,operator,operator_tools,2,weekly,I want a history of who changed the availability and when.
FB-000013,2025-11-04T12:01:00Z,remote_employee,survey,Lahore,business_plus,general,4,occasional,I found a desk near the station and booked it in under two minutes.
FB-000014,2025-12-31T14:13:00Z,remote_employee,email_feedback,Manchester,business_basic,availability,2,first_time,"Availability looked fine online and the operator had already blocked the room. It worked the next time, but I still don't trust it."
FB-000015,2025-12-26T02:05:00Z,company_admin,email_feedback,Islamabad,individual,accounts,2,monthly,It should be easier to separate personal receipts from work receipts. This happened twice this month.
FB-000016,2026-04-21T12:09:00Z,remote_employee,survey,Manchester,individual,availability,2,weekly,"The app showed a room available, but the venue said it was already booked. Support eventually sorted it out."
FB-000017,2026-07-21T23:59:00Z,coworking_operator,account_team_note,Manchester,business_basic,operator_tools,2,weekly,We had a customer arrive after we thought the room was closed online. I mostly book same-day.
FB-000018,2026-03-12T00:48:00Z,freelancer,support_ticket,Riyadh,operator,general,4,occasional,I use DeskNest every week because it saves me calling venues.
FB-000019,2026-06-05T02:31:00Z,freelancer,email_feedback,Lahore,business_plus,venue,4,monthly,The monitor in the photos wasn't available at my desk. I use DeskNest most weeks.
FB-000020,2025-11-28T11:43:00Z,freelancer,email_feedback,Remote,operator,support,2,first_time,I had three channels open for the same issue and wasn't sure which one was current. My colleague had a similar issue last week.
FB-000021,2026-06-07T01:19:00Z,freelancer,survey,Riyadh,operator,general,5,weekly,The map and date search make last-minute booking easy. My colleague had a similar issue last week.
FB-000022,2025-10-31T18:27:00Z,coworking_operator,in_app_feedback,Lahore,individual,support,2,monthly,"The agent was quick, but I had already sent the booking ID in the first message. Maybe this was specific to one venue."
FB-000023,2025-09-01T00:48:00Z,freelancer,account_team_note,Dubai,business_basic,search,2,first_time,"Search is quick, but comparing amenities across venues takes too long. This mattered more because I was already late for a meeting."
FB-000024,2025-10-26T17:33:00Z,remote_employee,in_app_feedback,Dubai,individual,confirmation,3,weekly,I need faster confirmation because I usually book on the way to a meeting. This mattered more because I was already late for a meeting.
FB-000025,2026-07-16T05:05:00Z,coworking_operator,support_ticket,Lahore,business_plus,operator_tools,3,occasional,"I want a history of who changed the availability and when. Not a deal-breaker, just annoying."
FB-000026,2026-05-03T21:24:00Z,small_business,email_feedback,Karachi,individual,venue,2,first_time,The room was smaller than it looked in the photos. Support eventually sorted it out.
FB-000027,2025-11-09T23:22:00Z,small_business,app_review,Remote,business_plus,billing,3,weekly,"The receipt works for me personally, but not for our accounts team."
FB-000028,2026-02-11T18:18:00Z,remote_employee,email_feedback,Islamabad,business_plus,billing,3,monthly,"Our finance team needs one invoice for the whole month, not twenty separate receipts. I mostly book same-day."
FB-000029,2026-05-19T07:08:00Z,coworking_operator,email_feedback,Riyadh,business_basic,operator_tools,3,first_time,Inventory edits take longer than pricing edits. Maybe this was specific to one venue.
FB-000030,2026-03-19T20:33:00Z,company_admin,support_ticket,Riyadh,business_plus,billing,1,occasional,"The receipt works for me personally, but not for our accounts team. Maybe this was specific to one venue."
FB-000031,2025-08-30T00:48:00Z,small_business,support_ticket,Remote,business_basic,booking_changes,1,weekly,"The refund was correct, but the rescheduling flow took too many steps. I noticed the same thing in another city."
FB-000032,2025-12-28T20:01:00Z,remote_employee,email_feedback,Manchester,individual,search,1,first_time,"The filters reset when I go back from a venue page. Not a deal-breaker, just annoying."
FB-000033,2026-06-12T19:14:00Z,coworking_operator,account_team_note,Manchester,business_plus,other,5,first_time,"Not sure yet, I only used it once."
FB-000034,2026-04-12T15:06:00Z,freelancer,app_review,Karachi,individual,search,1,first_time,I wish the app remembered my usual filters.
FB-000035,2026-04-05T02:53:00Z,freelancer,support_ticket,Riyadh,operator,search,2,occasional,"I want to filter for desks with an external monitor, not just venues that have monitors somewhere."
FB-000036,2026-02-16T22:06:00Z,small_business,email_feedback,Karachi,individual,booking_changes,2,weekly,It's not clear which bookings can be changed directly.
FB-000037,2026-05-29T03:15:00Z,company_admin,survey,Manchester,operator,general,4,weekly,I use DeskNest every week because it saves me calling venues. I use DeskNest most weeks.
FB-000038,2026-04-07T12:52:00Z,freelancer,email_feedback,Remote,business_basic,availability,3,weekly,"Availability looked fine online and the operator had already blocked the room. Not a deal-breaker, just annoying."
FB-000039,2026-02-10T00:30:00Z,company_admin,account_team_note,Riyadh,operator,billing,1,weekly,Can the monthly statement be a proper invoice instead of just a booking summary? Support eventually sorted it out.
FB-000040,2026-01-05T23:57:00Z,coworking_operator,interview_excerpt,Manchester,operator,billing,3,occasional,"Our finance team needs one invoice for the whole month, not twenty separate receipts. I mostly book same-day."
FB-000041,2025-08-16T16:57:00Z,coworking_operator,email_feedback,Dubai,individual,operator_tools,3,first_time,We had a customer arrive after we thought the room was closed online. I noticed the same thing in another city.
FB-000042,2026-01-13T22:09:00Z,freelancer,account_team_note,Karachi,individual,confirmation,2,first_time,I need faster confirmation because I usually book on the way to a meeting. Our team has around eight people.
FB-000043,2026-03-05T12:38:00Z,freelancer,in_app_feedback,Dubai,operator,availability,2,monthly,"DeskNest said the desk was open, but reception told me they had no space. Our team has around eight people."
FB-000044,2026-04-16T02:18:00Z,freelancer,survey,Riyadh,individual,booking_changes,1,occasional,I want to move a booking to another time without losing the room. The first booking was fine and the second one wasn't.
FB-000045,2026-07-16T03:35:00Z,company_admin,account_team_note,Dubai,operator,confirmation,2,first_time,I booked again because the first confirmation never showed up in my inbox.
FB-000046,2026-03-18T08:29:00Z,small_business,email_feedback,Islamabad,operator,billing,1,monthly,"Our finance team needs one invoice for the whole month, not twenty separate receipts. I use DeskNest most weeks."
FB-000047,2025-08-03T21:24:00Z,company_admin,support_ticket,Manchester,operator,refunds,2,occasional,"I had to contact support just to confirm the refund was actually initiated. It worked the next time, but I still don't trust it."
FB-000048,2025-10-07T05:24:00Z,remote_employee,in_app_feedback,Manchester,business_plus,support,4,weekly,"Support fixed it, but I had to explain the same booking problem twice. Our team has around eight people."
FB-000049,2025-08-07T17:41:00Z,remote_employee,in_app_feedback,Manchester,business_basic,booking_changes,1,monthly,I couldn't see the cancellation rule until I went looking for it after booking. This is the main reason I'd hesitate to book again.
FB-000050,2026-08-01T08:14:00Z,coworking_operator,interview_excerpt,Lahore,operator,operator_tools,3,occasional,"Our local calendar showed the room blocked, but DeskNest still accepted a request. This happened twice this month."
FB-000051,2026-04-29T10:19:00Z,remote_employee,support_ticket,London,operator,confirmation,2,occasional,I received two confirmation emails for the same booking. Our team has around eight people.
FB-000052,2025-11-30T09:20:00Z,remote_employee,interview_excerpt,Lahore,individual,other,3,occasional,Please add dark mode.
FB-000053,2026-06-02T14:04:00Z,freelancer,email_feedback,London,business_plus,availability,2,weekly,"DeskNest said the desk was open, but reception told me they had no space. Maybe this was specific to one venue."
FB-000054,2026-01-03T21:53:00Z,company_admin,interview_excerpt,Riyadh,individual,general,5,first_time,The booking flow is fast when I already know the area. Our team has around eight people.
FB-000055,2025-11-02T00:09:00Z,freelancer,survey,Remote,business_basic,venue,3,occasional,The listing should say whether phone calls are allowed in the open area. I use DeskNest most weeks.
FB-000056,2025-11-24T10:40:00Z,coworking_operator,app_review,Karachi,business_basic,operator_tools,1,monthly,Blocking twenty desks one by one for a private event is too slow. This happened twice this month.
FB-000057,2025-11-01T17:44:00Z,company_admin,email_feedback,London,business_plus,checkout,2,monthly,"The total changed enough at checkout that I went back to compare venues. Not a deal-breaker, just annoying."
FB-000058,2026-01-02T19:56:00Z,coworking_operator,support_ticket,London,business_basic,operator_tools,3,monthly,Inventory edits take longer than pricing edits. This happened twice this month.
FB-000059,2026-02-18T14:11:00Z,small_business,survey,Riyadh,operator,billing,1,monthly,Can the monthly statement be a proper invoice instead of just a booking summary?
FB-000060,2026-05-04T11:05:00Z,freelancer,survey,Manchester,business_basic,booking_changes,2,first_time,It's not clear which bookings can be changed directly. I use DeskNest most weeks.
FB-000061,2025-10-11T03:46:00Z,coworking_operator,app_review,Dubai,business_basic,support,4,first_time,I had three channels open for the same issue and wasn't sure which one was current. I noticed the same thing in another city.
FB-000062,2026-01-31T01:54:00Z,company_admin,app_review,Islamabad,business_basic,billing,2,first_time,I need the company name and tax details on the invoice. Support eventually sorted it out.
FB-000063,2025-11-23T16:34:00Z,freelancer,app_review,Riyadh,operator,availability,3,first_time,"I don't trust the availability anymore because the same thing happened twice. It worked the next time, but I still don't trust it."
FB-000064,2025-12-30T23:37:00Z,small_business,app_review,Manchester,operator,availability,2,occasional,"The space disappeared between search and checkout, which was frustrating."
FB-000065,2026-07-05T22:34:00Z,freelancer,account_team_note,London,business_plus,general,4,monthly,I use DeskNest every week because it saves me calling venues. I use DeskNest most weeks.
FB-000066,2025-10-15T03:12:00Z,remote_employee,app_review,Lahore,operator,availability,1,occasional,"The space disappeared between search and checkout, which was frustrating. Not a deal-breaker, just annoying."
FB-000067,2025-11-11T05:09:00Z,company_admin,interview_excerpt,Dubai,operator,other,3,first_time,No comment.
FB-000068,2026-02-06T18:46:00Z,remote_employee,support_ticket,Manchester,individual,accounts,2,weekly,Switching between my personal bookings and company bookings is confusing. I noticed the same thing in another city.
FB-000069,2025-10-25T11:03:00Z,company_admin,in_app_feedback,Karachi,business_plus,refunds,2,weekly,"Support said the refund was sent, but I couldn't see it yet. This happened twice this month."
FB-000070,2025-11-02T07:33:00Z,small_business,survey,London,operator,accounts,2,first_time,Switching between my personal bookings and company bookings is confusing. This mattered more because I was already late for a meeting.
FB-000071,2026-01-05T01:13:00Z,company_admin,account_team_note,Lahore,business_plus,refunds,2,first_time,"Support said the refund was sent, but I couldn't see it yet. My colleague had a similar issue last week."
FB-000072,2026-03-13T04:52:00Z,small_business,support_ticket,Dubai,individual,billing,2,first_time,"Our finance team needs one invoice for the whole month, not twenty separate receipts. This happened twice this month."
FB-000073,2026-01-13T16:35:00Z,freelancer,survey,Lahore,business_basic,availability,3,weekly,"The app showed a room available, but the venue said it was already booked."
FB-000074,2026-05-12T07:58:00Z,small_business,account_team_note,Karachi,individual,accounts,2,weekly,Switching between my personal bookings and company bookings is confusing. I noticed the same thing in another city.
FB-000075,2025-12-05T09:05:00Z,freelancer,support_ticket,Remote,business_plus,availability,1,monthly,"My booking existed, but the venue said their calendar had something different. This happened twice this month."
FB-000076,2026-02-09T08:04:00Z,small_business,email_feedback,Islamabad,individual,billing,2,first_time,"Our finance team needs one invoice for the whole month, not twenty separate receipts. Our team has around eight people."
FB-000077,2025-10-06T05:20:00Z,small_business,survey,Islamabad,business_basic,support,2,first_time,"Support was helpful and solved the issue on the first reply. It worked the next time, but I still don't trust it."
FB-000078,2026-07-22T03:49:00Z,small_business,support_ticket,Karachi,operator,booking_changes,2,occasional,"The refund was correct, but the rescheduling flow took too many steps."
FB-000079,2026-05-30T07:54:00Z,freelancer,support_ticket,Karachi,operator,other,5,first_time,The weather was terrible that day.
FB-000080,2025-12-21T19:42:00Z,company_admin,app_review,London,operator,checkout,2,monthly,The workspace price looked good until the extra fee appeared. This happened twice this month.
FB-000081,2025-08-08T08:23:00Z,remote_employee,email_feedback,Lahore,business_basic,billing,1,occasional,"I need the company name and tax details on the invoice. Not a deal-breaker, just annoying."
FB-000082,2025-12-10T20:30:00Z,remote_employee,interview_excerpt,Lahore,operator,refunds,2,first_time,I had to contact support just to confirm the refund was actually initiated. I noticed the same thing in another city.
FB-000083,2025-09-05T01:09:00Z,small_business,survey,London,operator,availability,1,first_time,"The space disappeared between search and checkout, which was frustrating. I use DeskNest most weeks."
FB-000084,2026-04-08T11:14:00Z,remote_employee,survey,Manchester,business_plus,confirmation,2,weekly,I booked again because the first confirmation never showed up in my inbox. The first booking was fine and the second one wasn't.
FB-000085,2025-12-31T21:59:00Z,company_admin,in_app_feedback,London,operator,checkout,3,monthly,"I don't mind paying the fee, but I want to see it earlier. I use DeskNest most weeks."
FB-000086,2026-06-18T12:11:00Z,small_business,email_feedback,Riyadh,business_basic,booking_changes,1,weekly,We had to cancel the whole room because two attendees changed. Support eventually sorted it out.
FB-000087,2025-11-30T23:39:00Z,small_business,app_review,Karachi,individual,booking_changes,2,occasional,"I want to move a booking to another time without losing the room. Not a deal-breaker, just annoying."
FB-000088,2025-09-06T22:34:00Z,small_business,app_review,Islamabad,business_basic,confirmation,2,weekly,I need faster confirmation because I usually book on the way to a meeting.
FB-000089,2025-10-15T16:58:00Z,remote_employee,in_app_feedback,London,business_basic,billing,2,weekly,"Our finance team needs one invoice for the whole month, not twenty separate receipts. This happened twice this month."
FB-000090,2026-03-14T12:19:00Z,remote_employee,in_app_feedback,Riyadh,operator,other,4,weekly,Great app.
FB-000091,2026-08-03T11:18:00Z,small_business,support_ticket,Dubai,business_basic,support,4,monthly,Support was helpful and solved the issue on the first reply. Maybe this was specific to one venue.
FB-000092,2025-12-09T11:14:00Z,freelancer,email_feedback,Karachi,operator,availability,2,weekly,I had a confirmed booking and there wasn't actually a free room when I arrived. I mostly book same-day.
FB-000093,2026-03-16T18:40:00Z,coworking_operator,support_ticket,Lahore,operator,other,5,weekly,The chairs were blue.
FB-000094,2026-03-27T18:44:00Z,remote_employee,survey,Lahore,individual,confirmation,1,weekly,"The push notification arrived right away, but email was delayed. Our team has around eight people."
FB-000095,2026-02-18T11:28:00Z,coworking_operator,in_app_feedback,Karachi,business_plus,operator_tools,2,occasional,"When we have maintenance, updating every desk separately is painful. Support eventually sorted it out."
FB-000096,2025-11-23T15:56:00Z,freelancer,support_ticket,Manchester,business_plus,search,2,weekly,"I can find a desk, but it's hard to tell which ones allow calls."
FB-000097,2025-09-12T10:17:00Z,small_business,email_feedback,Dubai,operator,billing,1,occasional,I need the company name and tax details on the invoice.
FB-000098,2026-02-10T22:42:00Z,company_admin,app_review,Manchester,operator,availability,2,monthly,I don't trust the availability anymore because the same thing happened twice.
FB-000099,2026-06-14T17:51:00Z,small_business,support_ticket,Remote,operator,support,2,monthly,"The agent was quick, but I had already sent the booking ID in the first message. Support eventually sorted it out."
FB-000100,2025-10-14T12:07:00Z,coworking_operator,interview_excerpt,Riyadh,individual,operator_tools,1,weekly,Availability sometimes takes too long to reflect a change we made in the portal. I mostly book same-day.
FB-000101,2026-07-10T23:08:00Z,small_business,account_team_note,London,individual,venue,3,first_time,The listing should say whether phone calls are allowed in the open area. Maybe this was specific to one venue.
FB-000102,2026-07-23T07:07:00Z,small_business,in_app_feedback,Karachi,operator,support,4,weekly,"The agent was quick, but I had already sent the booking ID in the first message. I mostly book same-day."
FB-000103,2026-05-21T16:40:00Z,freelancer,support_ticket,Dubai,business_plus,confirmation,1,occasional,"I booked again because the first confirmation never showed up in my inbox. It worked the next time, but I still don't trust it."
FB-000104,2026-01-24T07:32:00Z,small_business,interview_excerpt,Riyadh,individual,other,2,first_time,"Not sure yet, I only used it once."
FB-000105,2025-08-05T08:30:00Z,company_admin,app_review,London,individual,billing,2,occasional,Can the monthly statement be a proper invoice instead of just a booking summary?
FB-000106,2025-11-14T12:02:00Z,company_admin,app_review,Karachi,individual,availability,1,monthly,Availability looked fine online and the operator had already blocked the room. This happened twice this month.
FB-000107,2026-06-06T17:34:00Z,remote_employee,interview_excerpt,London,business_basic,search,3,occasional,"Search is quick, but comparing amenities across venues takes too long. Not a deal-breaker, just annoying."
FB-000108,2026-01-23T20:43:00Z,small_business,in_app_feedback,Dubai,business_plus,availability,1,monthly,"DeskNest said the desk was open, but reception told me they had no space."
FB-000109,2025-08-06T19:18:00Z,coworking_operator,in_app_feedback,Remote,business_plus,operator_tools,1,first_time,I need clearer confirmation that an inventory block actually saved. I mostly book same-day.
FB-000110,2026-08-04T23:41:00Z,remote_employee,account_team_note,London,business_plus,search,3,first_time,The filters reset when I go back from a venue page.
FB-000111,2025-09-03T03:09:00Z,remote_employee,app_review,Dubai,business_basic,availability,1,weekly,"The space disappeared between search and checkout, which was frustrating. I mostly book same-day."
FB-000112,2025-08-04T01:00:00Z,remote_employee,support_ticket,London,business_plus,billing,3,weekly,The billing address was wrong and I couldn't correct it myself after booking. I noticed the same thing in another city.
FB-000113,2025-11-24T08:50:00Z,small_business,email_feedback,London,business_basic,availability,3,occasional,"The space disappeared between search and checkout, which was frustrating. The first booking was fine and the second one wasn't."
FB-000114,2026-02-14T01:12:00Z,small_business,support_ticket,Lahore,operator,other,2,occasional,The chairs were blue.
FB-000115,2025-10-26T21:18:00Z,small_business,interview_excerpt,Dubai,business_basic,availability,2,occasional,I don't trust the availability anymore because the same thing happened twice. This mattered more because I was already late for a meeting.
FB-000116,2025-12-25T06:36:00Z,coworking_operator,email_feedback,Riyadh,individual,general,4,monthly,The booking flow is fast when I already know the area. The first booking was fine and the second one wasn't.
FB-000117,2025-08-29T18:33:00Z,company_admin,email_feedback,London,individual,billing,1,monthly,We spend too much time downloading one document per booking. I use DeskNest most weeks.
FB-000118,2025-09-20T12:59:00Z,small_business,interview_excerpt,Islamabad,individual,billing,2,occasional,Can the monthly statement be a proper invoice instead of just a booking summary? This is the main reason I'd hesitate to book again.
FB-000119,2025-11-02T06:04:00Z,company_admin,support_ticket,Dubai,business_plus,booking_changes,2,first_time,"For a team booking, changing one detail feels like rebuilding the whole thing. Support eventually sorted it out."
FB-000120,2026-02-11T17:04:00Z,small_business,support_ticket,Islamabad,operator,billing,1,first_time,Our office manager wants one place to see all team booking charges.
FB-000121,2025-10-23T23:31:00Z,freelancer,in_app_feedback,Riyadh,operator,general,4,weekly,"I found a desk near the station and booked it in under two minutes. Not a deal-breaker, just annoying."
FB-000122,2026-03-11T05:16:00Z,coworking_operator,survey,Karachi,operator,operator_tools,2,monthly,"I want a history of who changed the availability and when. Not a deal-breaker, just annoying."
FB-000123,2026-02-13T16:17:00Z,small_business,account_team_note,London,business_basic,booking_changes,1,weekly,"The refund was correct, but the rescheduling flow took too many steps. Our team has around eight people."
FB-000124,2026-07-19T04:26:00Z,small_business,account_team_note,Dubai,operator,accounts,1,weekly,"The company allowance is useful, but I sometimes lose track of which profile I'm using."
FB-000125,2025-08-21T14:45:00Z,freelancer,account_team_note,Manchester,operator,checkout,1,first_time,"The workspace price looked good until the extra fee appeared. It worked the next time, but I still don't trust it."
FB-000126,2025-09-17T06:51:00Z,coworking_operator,support_ticket,Lahore,operator,operator_tools,2,monthly,I need clearer confirmation that an inventory block actually saved.
FB-000127,2026-01-16T12:22:00Z,small_business,survey,Riyadh,business_plus,billing,2,weekly,"We spend too much time downloading one document per booking. It worked the next time, but I still don't trust it."
FB-000128,2026-06-24T15:48:00Z,small_business,app_review,Islamabad,business_plus,availability,2,monthly,I had a confirmed booking and there wasn't actually a free room when I arrived.
FB-000129,2025-12-05T11:09:00Z,company_admin,account_team_note,Riyadh,business_basic,booking_changes,3,weekly,I couldn't see the cancellation rule until I went looking for it after booking.
FB-000130,2026-07-30T05:06:00Z,remote_employee,support_ticket,Islamabad,business_basic,confirmation,3,weekly,I received two confirmation emails for the same booking. This is the main reason I'd hesitate to book again.
FB-000131,2025-08-04T12:13:00Z,coworking_operator,account_team_note,Riyadh,operator,general,5,monthly,I use DeskNest every week because it saves me calling venues. This happened twice this month.
FB-000132,2025-08-28T20:10:00Z,coworking_operator,interview_excerpt,Riyadh,operator,operator_tools,1,monthly,We need bulk inventory changes across several days.
FB-000133,2026-04-15T08:05:00Z,freelancer,in_app_feedback,Dubai,operator,checkout,2,occasional,The total changed enough at checkout that I went back to compare venues.
FB-000134,2025-08-12T14:10:00Z,small_business,account_team_note,Manchester,individual,billing,3,first_time,We spend too much time downloading one document per booking. This happened twice this month.
FB-000135,2026-08-05T20:30:00Z,coworking_operator,in_app_feedback,Lahore,operator,operator_tools,3,occasional,Availability sometimes takes too long to reflect a change we made in the portal. This happened twice this month.
FB-000136,2025-11-05T10:28:00Z,small_business,account_team_note,Dubai,operator,billing,2,occasional,Can the monthly statement be a proper invoice instead of just a booking summary? I use DeskNest most weeks.
FB-000137,2026-01-18T05:02:00Z,company_admin,in_app_feedback,Lahore,business_plus,accounts,1,occasional,"I like having both accounts, I just want the switch to be more obvious. The first booking was fine and the second one wasn't."
FB-000138,2026-03-30T16:27:00Z,coworking_operator,app_review,Riyadh,business_plus,support,3,first_time,I had three channels open for the same issue and wasn't sure which one was current. Support eventually sorted it out.
FB-000139,2026-02-13T21:40:00Z,small_business,email_feedback,Islamabad,business_basic,booking_changes,2,weekly,We had to cancel the whole room because two attendees changed. The first booking was fine and the second one wasn't.
FB-000140,2026-05-04T00:54:00Z,small_business,interview_excerpt,Remote,operator,other,4,monthly,Great app.
FB-000141,2026-06-17T18:03:00Z,small_business,email_feedback,Riyadh,operator,booking_changes,2,first_time,It's not clear which bookings can be changed directly.
FB-000142,2025-08-21T13:36:00Z,company_admin,account_team_note,London,individual,support,3,monthly,The second agent didn't seem to have the context from my earlier message. This is the main reason I'd hesitate to book again.
FB-000143,2026-05-27T17:56:00Z,company_admin,app_review,Karachi,operator,support,2,occasional,"The answer was good, but it took almost a day. My colleague had a similar issue last week."
FB-000144,2026-01-31T10:51:00Z,small_business,email_feedback,London,individual,availability,3,occasional,"The app showed a room available, but the venue said it was already booked. This is the main reason I'd hesitate to book again."
FB-000145,2026-02-08T20:34:00Z,freelancer,email_feedback,Manchester,business_plus,availability,1,occasional,"My booking existed, but the venue said their calendar had something different. It worked the next time, but I still don't trust it."
FB-000146,2026-07-07T16:08:00Z,remote_employee,interview_excerpt,Islamabad,individual,confirmation,1,occasional,I booked again because the first confirmation never showed up in my inbox. I use DeskNest most weeks.
FB-000147,2026-01-25T22:53:00Z,small_business,account_team_note,Dubai,operator,availability,1,occasional,"My booking existed, but the venue said their calendar had something different. Support eventually sorted it out."
FB-000148,2026-05-10T12:24:00Z,small_business,account_team_note,Karachi,business_plus,booking_changes,3,first_time,Changing the booking time should be easier than cancelling and starting again.
FB-000149,2026-03-25T08:38:00Z,freelancer,email_feedback,Dubai,business_plus,availability,2,monthly,"The space disappeared between search and checkout, which was frustrating. I noticed the same thing in another city."
FB-000150,2025-08-21T03:09:00Z,freelancer,survey,Islamabad,business_basic,checkout,2,weekly,"The final total was correct, but the pricing breakdown could be easier to scan."
FB-000151,2025-12-18T18:30:00Z,small_business,in_app_feedback,Manchester,operator,confirmation,2,weekly,The app said pending for a few minutes even though the payment went through. This happened twice this month.
FB-000152,2025-11-14T13:30:00Z,small_business,app_review,Islamabad,business_basic,availability,3,occasional,I don't trust the availability anymore because the same thing happened twice. Support eventually sorted it out.
FB-000153,2025-12-06T04:03:00Z,small_business,survey,London,business_basic,support,4,first_time,"The agent was quick, but I had already sent the booking ID in the first message. I use DeskNest most weeks."
FB-000154,2025-10-05T00:17:00Z,remote_employee,account_team_note,Remote,individual,search,3,weekly,"Search is quick, but comparing amenities across venues takes too long."
FB-000155,2026-02-26T18:43:00Z,small_business,interview_excerpt,Karachi,business_basic,search,1,occasional,The neighborhood filter is too broad for where I actually need to work. I mostly book same-day.
FB-000156,2025-10-31T19:18:00Z,company_admin,interview_excerpt,Lahore,business_plus,availability,3,occasional,Availability looked fine online and the operator had already blocked the room. Our team has around eight people.
FB-000157,2025-10-01T14:22:00Z,small_business,account_team_note,Islamabad,business_plus,support,3,weekly,The second agent didn't seem to have the context from my earlier message.
FB-000158,2026-05-13T10:18:00Z,remote_employee,interview_excerpt,London,business_basic,refunds,1,weekly,I want the app to show where the refund is in the process. Support eventually sorted it out.
FB-000159,2025-10-20T17:43:00Z,company_admin,interview_excerpt,Karachi,operator,availability,3,first_time,I don't trust the availability anymore because the same thing happened twice.
FB-000160,2025-10-03T11:31:00Z,freelancer,interview_excerpt,London,individual,search,1,weekly,The filters reset when I go back from a venue page. Our team has around eight people.
FB-000161,2026-07-10T18:12:00Z,company_admin,in_app_feedback,Manchester,operator,checkout,1,first_time,"The final total was correct, but the pricing breakdown could be easier to scan. This is the main reason I'd hesitate to book again."
FB-000162,2026-01-12T23:14:00Z,company_admin,interview_excerpt,Karachi,business_plus,billing,1,first_time,Our office manager wants one place to see all team booking charges.
FB-000163,2025-11-19T08:55:00Z,remote_employee,email_feedback,Manchester,operator,search,1,monthly,"I want to filter for desks with an external monitor, not just venues that have monitors somewhere. It worked the next time, but I still don't trust it."
FB-000164,2026-01-01T23:42:00Z,freelancer,in_app_feedback,Islamabad,business_basic,confirmation,3,occasional,I received two confirmation emails for the same booking.
FB-000165,2026-01-06T16:01:00Z,coworking_operator,support_ticket,Riyadh,individual,support,2,occasional,"Support fixed it, but I had to explain the same booking problem twice. This is the main reason I'd hesitate to book again."
FB-000166,2026-03-07T11:19:00Z,small_business,interview_excerpt,Karachi,individual,availability,3,monthly,"The app showed a room available, but the venue said it was already booked."
FB-000167,2025-09-09T23:17:00Z,small_business,email_feedback,Riyadh,business_basic,accounts,2,weekly,Our employees keep asking which payment method will be charged.
FB-000168,2026-03-27T08:01:00Z,freelancer,app_review,London,business_plus,checkout,2,occasional,The total changed enough at checkout that I went back to compare venues. I use DeskNest most weeks.
FB-000169,2026-01-24T07:56:00Z,company_admin,email_feedback,London,individual,availability,3,weekly,"The space disappeared between search and checkout, which was frustrating. Not a deal-breaker, just annoying."
FB-000170,2026-05-31T03:19:00Z,company_admin,in_app_feedback,Islamabad,business_basic,accounts,2,occasional,It should be easier to separate personal receipts from work receipts.
FB-000171,2025-11-25T22:06:00Z,remote_employee,email_feedback,Islamabad,operator,other,5,first_time,"Not sure yet, I only used it once."
FB-000172,2026-07-03T02:23:00Z,freelancer,account_team_note,Remote,operator,venue,4,occasional,The space was much noisier than the listing made it sound.
FB-000173,2026-07-04T20:20:00Z,freelancer,email_feedback,Karachi,business_plus,booking_changes,2,monthly,"For a team booking, changing one detail feels like rebuilding the whole thing. This is the main reason I'd hesitate to book again."
FB-000174,2026-01-21T13:14:00Z,remote_employee,support_ticket,Manchester,business_plus,accounts,1,occasional,It should be easier to separate personal receipts from work receipts. I noticed the same thing in another city.
FB-000175,2026-04-11T10:51:00Z,small_business,app_review,London,business_basic,confirmation,3,monthly,"The app said pending for a few minutes even though the payment went through. It worked the next time, but I still don't trust it."
FB-000176,2025-09-01T11:30:00Z,company_admin,survey,Manchester,operator,confirmation,1,first_time,I need faster confirmation because I usually book on the way to a meeting.
FB-000177,2026-07-14T08:10:00Z,freelancer,support_ticket,Islamabad,operator,venue,5,monthly,Wi-Fi was excellent and the desk matched the listing. Support eventually sorted it out.
FB-000178,2026-04-28T12:09:00Z,small_business,survey,Lahore,individual,billing,2,first_time,I need the company name and tax details on the invoice. Maybe this was specific to one venue.
FB-000179,2026-05-12T17:24:00Z,remote_employee,support_ticket,London,operator,booking_changes,1,occasional,We had to cancel the whole room because two attendees changed.
FB-000180,2026-04-27T15:19:00Z,small_business,support_ticket,Dubai,operator,billing,2,first_time,"Our finance team needs one invoice for the whole month, not twenty separate receipts. Maybe this was specific to one venue."
FB-000181,2025-09-09T22:42:00Z,remote_employee,survey,Remote,business_basic,confirmation,2,monthly,The app said pending for a few minutes even though the payment went through.
FB-000182,2026-07-14T19:18:00Z,freelancer,in_app_feedback,London,business_plus,booking_changes,3,occasional,I couldn't see the cancellation rule until I went looking for it after booking.
FB-000183,2026-01-02T00:46:00Z,company_admin,interview_excerpt,Lahore,business_basic,billing,1,occasional,The billing address was wrong and I couldn't correct it myself after booking. Support eventually sorted it out.
FB-000184,2025-10-26T12:58:00Z,freelancer,email_feedback,Islamabad,operator,confirmation,3,occasional,I received two confirmation emails for the same booking. I noticed the same thing in another city.
FB-000185,2025-11-22T08:51:00Z,coworking_operator,in_app_feedback,Lahore,business_basic,operator_tools,2,first_time,We need bulk inventory changes across several days. I mostly book same-day.
FB-000186,2025-12-18T14:37:00Z,coworking_operator,support_ticket,Dubai,business_basic,billing,2,occasional,"Our finance team needs one invoice for the whole month, not twenty separate receipts. The first booking was fine and the second one wasn't."
FB-000187,2025-11-14T05:14:00Z,freelancer,survey,Lahore,operator,general,5,weekly,The operator dashboard is much easier than our old spreadsheet. This is the main reason I'd hesitate to book again.
FB-000188,2025-10-25T08:40:00Z,coworking_operator,in_app_feedback,Karachi,individual,operator_tools,2,occasional,Inventory edits take longer than pricing edits.
FB-000189,2026-06-18T12:40:00Z,remote_employee,interview_excerpt,Islamabad,business_plus,search,2,occasional,The filters reset when I go back from a venue page. Our team has around eight people.
FB-000190,2025-12-27T14:58:00Z,remote_employee,interview_excerpt,London,operator,availability,3,first_time,"I don't trust the availability anymore because the same thing happened twice. Not a deal-breaker, just annoying."
FB-000191,2025-09-20T22:42:00Z,remote_employee,survey,Karachi,individual,booking_changes,3,monthly,"The refund was correct, but the rescheduling flow took too many steps. This is the main reason I'd hesitate to book again."
FB-000192,2026-04-26T06:58:00Z,remote_employee,account_team_note,Islamabad,operator,search,2,occasional,The neighborhood filter is too broad for where I actually need to work. This is the main reason I'd hesitate to book again.
FB-000193,2025-10-25T16:32:00Z,freelancer,app_review,Lahore,business_plus,search,2,occasional,"I can find a desk, but it's hard to tell which ones allow calls. This mattered more because I was already late for a meeting."
FB-000194,2026-05-20T14:12:00Z,freelancer,email_feedback,Remote,individual,accounts,2,monthly,Switching between my personal bookings and company bookings is confusing. Support eventually sorted it out.
FB-000195,2025-11-29T15:13:00Z,freelancer,account_team_note,Riyadh,business_basic,confirmation,2,occasional,"The push notification arrived right away, but email was delayed. I use DeskNest most weeks."
FB-000196,2025-08-22T17:15:00Z,coworking_operator,app_review,Manchester,business_basic,operator_tools,2,occasional,Changing room availability individually takes too many clicks. This is the main reason I'd hesitate to book again.
FB-000197,2025-10-22T13:30:00Z,coworking_operator,survey,Riyadh,business_basic,venue,5,monthly,The space was much noisier than the listing made it sound.
FB-000198,2026-02-16T09:03:00Z,remote_employee,app_review,Lahore,individual,availability,2,occasional,Availability looked fine online and the operator had already blocked the room. Our team has around eight people.
FB-000199,2026-05-22T01:27:00Z,freelancer,in_app_feedback,Islamabad,business_basic,venue,5,first_time,The monitor in the photos wasn't available at my desk.
FB-000200,2026-05-02T22:11:00Z,remote_employee,account_team_note,Lahore,business_plus,other,2,monthly,Please add dark mode.
FB-000201,2026-01-27T12:24:00Z,remote_employee,in_app_feedback,Manchester,operator,availability,2,first_time,"I had a confirmed booking and there wasn't actually a free room when I arrived. Not a deal-breaker, just annoying."
FB-000202,2025-09-16T00:39:00Z,remote_employee,account_team_note,London,business_basic,accounts,1,occasional,"I like having both accounts, I just want the switch to be more obvious."
FB-000203,2025-11-30T22:08:00Z,remote_employee,interview_excerpt,Remote,business_plus,search,2,first_time,"Search is quick, but comparing amenities across venues takes too long. I mostly book same-day."
FB-000204,2026-01-29T18:52:00Z,company_admin,support_ticket,Remote,operator,support,2,first_time,I had three channels open for the same issue and wasn't sure which one was current. I use DeskNest most weeks.
FB-000205,2026-06-27T07:20:00Z,remote_employee,account_team_note,Lahore,operator,accounts,2,monthly,I want a clearer indicator when I'm booking under the company account.
FB-000206,2026-07-18T15:14:00Z,company_admin,email_feedback,Karachi,business_basic,support,3,weekly,I had three channels open for the same issue and wasn't sure which one was current. This is the main reason I'd hesitate to book again.
FB-000207,2026-03-17T03:36:00Z,freelancer,survey,Islamabad,individual,confirmation,2,occasional,I thought the booking failed because I didn't get a confirmation email. I noticed the same thing in another city.
FB-000208,2026-05-27T08:59:00Z,freelancer,email_feedback,Lahore,business_basic,refunds,3,weekly,I wasn't sure whether the refund was partial or still pending. This happened twice this month.
FB-000209,2025-09-28T13:54:00Z,remote_employee,support_ticket,Riyadh,individual,venue,3,occasional,The space was much noisier than the listing made it sound. This mattered more because I was already late for a meeting.
FB-000210,2026-03-10T14:59:00Z,small_business,survey,London,business_plus,search,1,weekly,The neighborhood filter is too broad for where I actually need to work.
FB-000211,2025-11-15T10:32:00Z,small_business,email_feedback,Lahore,individual,search,2,monthly,The neighborhood filter is too broad for where I actually need to work. I use DeskNest most weeks.
FB-000212,2026-03-23T13:43:00Z,freelancer,app_review,London,business_plus,refunds,3,first_time,I had to contact support just to confirm the refund was actually initiated. This happened twice this month.
FB-000213,2026-02-06T06:48:00Z,coworking_operator,email_feedback,Riyadh,operator,confirmation,3,monthly,The booking was confirmed in the app but the email came twenty minutes later. I use DeskNest most weeks.
FB-000214,2025-08-01T10:33:00Z,remote_employee,survey,London,business_plus,confirmation,2,weekly,"The push notification arrived right away, but email was delayed. Not a deal-breaker, just annoying."
FB-000215,2025-09-15T12:31:00Z,coworking_operator,account_team_note,Lahore,business_plus,availability,1,occasional,"My booking existed, but the venue said their calendar had something different."
FB-000216,2026-07-06T13:07:00Z,freelancer,in_app_feedback,Islamabad,individual,general,5,occasional,I found a desk near the station and booked it in under two minutes. This is the main reason I'd hesitate to book again.
FB-000217,2025-10-27T12:12:00Z,small_business,support_ticket,Islamabad,individual,billing,2,first_time,"The receipt works for me personally, but not for our accounts team. It worked the next time, but I still don't trust it."
FB-000218,2025-10-19T05:31:00Z,company_admin,email_feedback,London,business_plus,general,4,occasional,I found a desk near the station and booked it in under two minutes. Our team has around eight people.
FB-000219,2026-06-06T07:25:00Z,coworking_operator,account_team_note,Karachi,operator,operator_tools,1,weekly,I want a history of who changed the availability and when. I use DeskNest most weeks.
FB-000220,2025-10-25T18:28:00Z,remote_employee,survey,Dubai,business_basic,search,2,monthly,"I want to filter for desks with an external monitor, not just venues that have monitors somewhere. Support eventually sorted it out."
FB-000221,2025-12-10T00:39:00Z,remote_employee,in_app_feedback,Remote,individual,search,3,weekly,"I want to filter for desks with an external monitor, not just venues that have monitors somewhere. Support eventually sorted it out."
FB-000222,2025-11-23T01:14:00Z,company_admin,account_team_note,Riyadh,business_basic,support,2,weekly,"The agent was quick, but I had already sent the booking ID in the first message. This mattered more because I was already late for a meeting."
FB-000223,2025-11-22T23:27:00Z,small_business,email_feedback,London,business_basic,billing,1,monthly,Can the monthly statement be a proper invoice instead of just a booking summary? This is the main reason I'd hesitate to book again.
FB-000224,2026-03-13T11:25:00Z,freelancer,account_team_note,Riyadh,business_plus,availability,2,weekly,"My booking existed, but the venue said their calendar had something different. It worked the next time, but I still don't trust it."
FB-000225,2026-01-02T12:10:00Z,small_business,survey,Remote,individual,accounts,2,occasional,I accidentally used my personal card for a work booking.
FB-000226,2025-11-01T21:25:00Z,small_business,app_review,Remote,individual,confirmation,1,monthly,I thought the booking failed because I didn't get a confirmation email. I use DeskNest most weeks.
FB-000227,2025-09-13T17:36:00Z,remote_employee,survey,Manchester,operator,accounts,3,first_time,"It should be easier to separate personal receipts from work receipts. It worked the next time, but I still don't trust it."
FB-000228,2026-06-24T07:19:00Z,company_admin,survey,Lahore,business_basic,billing,2,first_time,The billing address was wrong and I couldn't correct it myself after booking. I noticed the same thing in another city.
FB-000229,2026-03-31T17:48:00Z,remote_employee,interview_excerpt,London,business_plus,availability,2,occasional,"DeskNest said the desk was open, but reception told me they had no space."
FB-000230,2025-08-06T02:13:00Z,remote_employee,support_ticket,London,business_basic,confirmation,3,monthly,"The push notification arrived right away, but email was delayed. The first booking was fine and the second one wasn't."
FB-000231,2026-01-26T08:05:00Z,small_business,survey,London,operator,other,5,first_time,Great app.
FB-000232,2025-10-19T00:19:00Z,small_business,interview_excerpt,Remote,business_basic,venue,2,first_time,The venue was clean and exactly as described. I mostly book same-day.
FB-000233,2026-05-13T22:34:00Z,remote_employee,app_review,London,business_plus,venue,3,first_time,"The listing should say whether phone calls are allowed in the open area. Not a deal-breaker, just annoying."
FB-000234,2026-08-01T10:48:00Z,small_business,email_feedback,Karachi,individual,availability,2,first_time,"DeskNest said the desk was open, but reception told me they had no space."
FB-000235,2026-05-18T16:48:00Z,remote_employee,account_team_note,Lahore,business_basic,venue,2,monthly,"The space was much noisier than the listing made it sound. Not a deal-breaker, just annoying."
FB-000236,2025-12-29T17:50:00Z,remote_employee,support_ticket,Riyadh,business_plus,general,5,occasional,"The map and date search make last-minute booking easy. It worked the next time, but I still don't trust it."
FB-000237,2026-07-09T02:19:00Z,coworking_operator,app_review,Remote,operator,operator_tools,3,monthly,The operator portal and what customers see don't always update at the same time. Our team has around eight people.
FB-000238,2026-02-08T10:39:00Z,freelancer,survey,Dubai,operator,venue,4,monthly,The space was much noisier than the listing made it sound. Maybe this was specific to one venue.
FB-000239,2026-07-03T12:06:00Z,company_admin,app_review,Manchester,operator,other,4,occasional,The coffee at the venue was excellent.
FB-000240,2025-12-24T03:27:00Z,company_admin,email_feedback,Lahore,business_plus,booking_changes,2,occasional,We had to cancel the whole room because two attendees changed. This mattered more because I was already late for a meeting.
FB-000241,2025-11-03T14:32:00Z,freelancer,app_review,Riyadh,business_plus,venue,3,first_time,The room was smaller than it looked in the photos. This mattered more because I was already late for a meeting.
FB-000242,2026-06-09T20:56:00Z,small_business,in_app_feedback,Islamabad,business_basic,availability,2,weekly,I don't trust the availability anymore because the same thing happened twice. This mattered more because I was already late for a meeting.
FB-000243,2025-10-17T12:04:00Z,remote_employee,account_team_note,Karachi,business_basic,booking_changes,1,occasional,We had to cancel the whole room because two attendees changed. Support eventually sorted it out.
FB-000244,2025-11-16T04:01:00Z,small_business,survey,Remote,business_basic,billing,3,occasional,"Our finance team needs one invoice for the whole month, not twenty separate receipts. I use DeskNest most weeks."
FB-000245,2025-09-22T13:16:00Z,remote_employee,app_review,Islamabad,individual,search,2,first_time,The filters reset when I go back from a venue page.
FB-000246,2026-01-11T13:54:00Z,small_business,survey,Islamabad,operator,support,3,monthly,"The agent was quick, but I had already sent the booking ID in the first message. Not a deal-breaker, just annoying."
FB-000247,2026-07-03T16:42:00Z,freelancer,interview_excerpt,Karachi,business_plus,booking_changes,2,first_time,It's not clear which bookings can be changed directly. I mostly book same-day.
FB-000248,2025-11-10T08:54:00Z,small_business,survey,Lahore,business_basic,billing,3,weekly,I need the company name and tax details on the invoice.
FB-000249,2026-08-10T13:33:00Z,freelancer,interview_excerpt,Lahore,business_plus,support,3,weekly,The second agent didn't seem to have the context from my earlier message.
FB-000250,2025-10-28T01:47:00Z,company_admin,in_app_feedback,Dubai,business_basic,billing,1,occasional,We spend too much time downloading one document per booking.
FB-000251,2026-01-13T10:59:00Z,remote_employee,email_feedback,Lahore,business_basic,search,1,weekly,I need a quiet-call filter because I keep opening listings one by one. Our team has around eight people.
FB-000252,2026-05-05T11:11:00Z,freelancer,interview_excerpt,London,business_plus,general,5,occasional,The operator dashboard is much easier than our old spreadsheet.
FB-000253,2025-08-14T13:39:00Z,company_admin,email_feedback,Dubai,business_basic,search,2,occasional,The filters reset when I go back from a venue page. Our team has around eight people.
FB-000254,2026-04-18T12:04:00Z,remote_employee,interview_excerpt,Karachi,business_plus,venue,2,occasional,The room was smaller than it looked in the photos. Maybe this was specific to one venue.
FB-000255,2026-03-28T12:22:00Z,freelancer,survey,Manchester,business_basic,other,2,monthly,The coffee at the venue was excellent.
FB-000256,2026-01-16T03:11:00Z,small_business,interview_excerpt,Lahore,business_plus,accounts,2,occasional,Switching between my personal bookings and company bookings is confusing.
FB-000257,2025-10-11T11:33:00Z,remote_employee,survey,Dubai,business_basic,general,5,occasional,Our team booked a room for eight people without needing support.
FB-000258,2026-03-15T07:24:00Z,freelancer,email_feedback,London,business_basic,general,5,monthly,I use DeskNest every week because it saves me calling venues. I mostly book same-day.
FB-000259,2025-10-17T11:37:00Z,company_admin,support_ticket,Islamabad,business_basic,confirmation,2,occasional,I received two confirmation emails for the same booking. This mattered more because I was already late for a meeting.
FB-000260,2026-01-21T07:34:00Z,freelancer,support_ticket,Lahore,business_plus,other,5,monthly,No comment.
FB-000261,2025-08-18T07:08:00Z,small_business,support_ticket,Karachi,operator,availability,3,first_time,"DeskNest said the desk was open, but reception told me they had no space. My colleague had a similar issue last week."
FB-000262,2025-12-18T15:57:00Z,coworking_operator,account_team_note,Riyadh,business_plus,operator_tools,2,occasional,"Our local calendar showed the room blocked, but DeskNest still accepted a request. This is the main reason I'd hesitate to book again."
FB-000263,2026-03-04T18:10:00Z,freelancer,in_app_feedback,Islamabad,business_basic,general,4,first_time,The booking flow is fast when I already know the area.
FB-000264,2026-06-24T14:16:00Z,company_admin,survey,Manchester,individual,checkout,2,first_time,"The final total was correct, but the pricing breakdown could be easier to scan."
FB-000265,2025-10-28T05:30:00Z,freelancer,app_review,Riyadh,operator,availability,3,weekly,"The app showed a room available, but the venue said it was already booked. This is the main reason I'd hesitate to book again."
FB-000266,2025-08-06T02:45:00Z,freelancer,survey,Dubai,operator,availability,2,occasional,"DeskNest said the desk was open, but reception told me they had no space. The first booking was fine and the second one wasn't."
FB-000267,2026-04-01T01:43:00Z,small_business,app_review,Riyadh,individual,billing,2,first_time,"Our finance team needs one invoice for the whole month, not twenty separate receipts. I use DeskNest most weeks."
FB-000268,2026-05-15T22:53:00Z,small_business,support_ticket,Riyadh,business_basic,availability,3,weekly,"DeskNest said the desk was open, but reception told me they had no space. Our team has around eight people."
FB-000269,2026-06-09T03:09:00Z,freelancer,email_feedback,London,business_plus,availability,1,first_time,"The app showed a room available, but the venue said it was already booked."
FB-000270,2025-11-06T14:45:00Z,company_admin,in_app_feedback,Manchester,business_plus,booking_changes,1,monthly,It's not clear which bookings can be changed directly. Our team has around eight people.
FB-000271,2026-03-14T21:45:00Z,small_business,email_feedback,Dubai,individual,general,5,occasional,The operator dashboard is much easier than our old spreadsheet. This happened twice this month.
FB-000272,2025-12-11T03:04:00Z,coworking_operator,support_ticket,Manchester,business_basic,support,3,weekly,I wish support could see the earlier refund conversation without asking again. Maybe this was specific to one venue.
FB-000273,2026-03-29T22:59:00Z,remote_employee,email_feedback,Manchester,business_plus,general,5,weekly,The booking flow is fast when I already know the area. The first booking was fine and the second one wasn't.
FB-000274,2025-10-30T11:19:00Z,remote_employee,email_feedback,Karachi,individual,accounts,2,occasional,I accidentally used my personal card for a work booking.
FB-000275,2025-09-15T07:49:00Z,company_admin,support_ticket,Dubai,operator,support,3,first_time,"The agent was quick, but I had already sent the booking ID in the first message. I use DeskNest most weeks."
FB-000276,2025-11-04T11:21:00Z,remote_employee,interview_excerpt,Remote,operator,other,5,weekly,Works fine.
FB-000277,2026-06-26T20:33:00Z,small_business,account_team_note,Manchester,operator,availability,2,weekly,Availability looked fine online and the operator had already blocked the room.
FB-000278,2025-08-31T03:22:00Z,small_business,account_team_note,Islamabad,business_plus,support,4,weekly,"The answer was good, but it took almost a day. I use DeskNest most weeks."
FB-000279,2025-11-11T19:45:00Z,freelancer,support_ticket,Manchester,operator,search,3,first_time,"Search is quick, but comparing amenities across venues takes too long. This is the main reason I'd hesitate to book again."
FB-000280,2025-09-23T11:23:00Z,remote_employee,survey,Manchester,operator,general,4,occasional,The map and date search make last-minute booking easy. Support eventually sorted it out.
FB-000281,2026-04-15T06:40:00Z,coworking_operator,app_review,Karachi,business_basic,support,4,weekly,"Support fixed it, but I had to explain the same booking problem twice. Maybe this was specific to one venue."
FB-000282,2026-01-23T12:28:00Z,remote_employee,account_team_note,Manchester,operator,support,2,weekly,I wish support could see the earlier refund conversation without asking again.
FB-000283,2026-04-06T18:18:00Z,coworking_operator,survey,Dubai,individual,operator_tools,3,occasional,"The calendar is usable, but bulk close is still limited for some inventory. My colleague had a similar issue last week."
FB-000284,2025-10-05T09:41:00Z,remote_employee,in_app_feedback,Dubai,individual,booking_changes,1,monthly,Changing the booking time should be easier than cancelling and starting again. Maybe this was specific to one venue.
FB-000285,2026-03-18T04:00:00Z,company_admin,support_ticket,Remote,business_plus,availability,1,monthly,"My booking existed, but the venue said their calendar had something different. Maybe this was specific to one venue."
FB-000286,2026-07-15T21:01:00Z,remote_employee,interview_excerpt,Remote,business_plus,confirmation,2,monthly,I booked again because the first confirmation never showed up in my inbox.
FB-000287,2026-01-13T17:08:00Z,small_business,support_ticket,Lahore,business_plus,other,3,occasional,I accidentally gave the wrong rating.
FB-000288,2025-08-11T01:21:00Z,remote_employee,survey,Dubai,business_basic,confirmation,3,weekly,The app said pending for a few minutes even though the payment went through. This is the main reason I'd hesitate to book again.
FB-000289,2026-08-04T00:06:00Z,small_business,account_team_note,Manchester,individual,general,5,weekly,The operator dashboard is much easier than our old spreadsheet. My colleague had a similar issue last week.
FB-000290,2026-02-19T08:36:00Z,company_admin,interview_excerpt,Riyadh,individual,general,5,occasional,I found a desk near the station and booked it in under two minutes. Maybe this was specific to one venue.
FB-000291,2026-04-09T08:01:00Z,small_business,email_feedback,Islamabad,business_plus,booking_changes,3,monthly,"For a team booking, changing one detail feels like rebuilding the whole thing."
FB-000292,2025-12-11T18:03:00Z,freelancer,support_ticket,London,individual,availability,2,weekly,I don't trust the availability anymore because the same thing happened twice. My colleague had a similar issue last week.
FB-000293,2026-02-02T03:28:00Z,remote_employee,support_ticket,Riyadh,business_plus,availability,2,weekly,"The app showed a room available, but the venue said it was already booked."
FB-000294,2026-01-17T22:44:00Z,freelancer,app_review,London,individual,venue,3,monthly,The monitor in the photos wasn't available at my desk. Maybe this was specific to one venue.
FB-000295,2026-01-10T03:32:00Z,company_admin,survey,Riyadh,operator,confirmation,2,monthly,"The push notification arrived right away, but email was delayed. The first booking was fine and the second one wasn't."
FB-000296,2025-08-17T01:07:00Z,freelancer,support_ticket,Dubai,individual,availability,2,weekly,"My booking existed, but the venue said their calendar had something different."
FB-000297,2025-12-06T12:02:00Z,remote_employee,survey,London,individual,accounts,2,monthly,"I like having both accounts, I just want the switch to be more obvious. I use DeskNest most weeks."
FB-000298,2025-08-14T20:10:00Z,company_admin,in_app_feedback,Riyadh,business_basic,booking_changes,3,occasional,"I couldn't see the cancellation rule until I went looking for it after booking. It worked the next time, but I still don't trust it."
FB-000299,2025-08-05T03:55:00Z,company_admin,account_team_note,Karachi,business_plus,accounts,2,weekly,I accidentally used my personal card for a work booking. I use DeskNest most weeks.
FB-000300,2026-05-07T03:07:00Z,small_business,survey,Remote,individual,billing,2,weekly,The billing address was wrong and I couldn't correct it myself after booking.
FB-000301,2026-03-01T09:54:00Z,remote_employee,app_review,Dubai,business_basic,availability,1,weekly,Availability looked fine online and the operator had already blocked the room.
FB-000302,2025-12-13T20:19:00Z,remote_employee,app_review,Dubai,operator,billing,2,monthly,The billing address was wrong and I couldn't correct it myself after booking.
FB-000303,2026-04-09T00:11:00Z,freelancer,interview_excerpt,Lahore,individual,confirmation,3,weekly,I received two confirmation emails for the same booking. The first booking was fine and the second one wasn't.
FB-000304,2025-12-04T01:57:00Z,remote_employee,in_app_feedback,Remote,business_basic,booking_changes,3,monthly,"I couldn't see the cancellation rule until I went looking for it after booking. It worked the next time, but I still don't trust it."
FB-000305,2026-01-10T06:17:00Z,small_business,account_team_note,Manchester,business_plus,booking_changes,2,monthly,Changing the booking time should be easier than cancelling and starting again. Support eventually sorted it out.
FB-000306,2026-06-01T06:02:00Z,coworking_operator,account_team_note,Remote,individual,general,5,monthly,I found a desk near the station and booked it in under two minutes.
FB-000307,2025-11-02T10:41:00Z,remote_employee,in_app_feedback,Manchester,operator,search,2,monthly,"Search is quick, but comparing amenities across venues takes too long. The first booking was fine and the second one wasn't."
FB-000308,2025-12-05T08:50:00Z,small_business,interview_excerpt,Manchester,business_basic,support,4,first_time,"The agent was quick, but I had already sent the booking ID in the first message."
FB-000309,2025-12-09T03:24:00Z,remote_employee,support_ticket,Riyadh,business_plus,confirmation,2,weekly,"I received two confirmation emails for the same booking. Not a deal-breaker, just annoying."
FB-000310,2026-06-14T15:39:00Z,company_admin,app_review,Lahore,operator,general,4,first_time,The map and date search make last-minute booking easy. I mostly book same-day.
FB-000311,2025-12-09T08:11:00Z,freelancer,in_app_feedback,Lahore,business_basic,general,5,occasional,I found a desk near the station and booked it in under two minutes. My colleague had a similar issue last week.
FB-000312,2025-09-07T01:15:00Z,freelancer,app_review,Islamabad,individual,refunds,3,monthly,"The bank delay is understandable, but the status in DeskNest is too vague. Our team has around eight people."
FB-000313,2025-08-30T07:12:00Z,freelancer,interview_excerpt,Manchester,business_plus,search,1,occasional,The filters reset when I go back from a venue page. I noticed the same thing in another city.
FB-000314,2026-07-08T22:01:00Z,small_business,email_feedback,Karachi,operator,availability,2,monthly,Availability looked fine online and the operator had already blocked the room. Support eventually sorted it out.
FB-000315,2025-11-01T19:24:00Z,small_business,account_team_note,Remote,business_plus,billing,1,occasional,Can the monthly statement be a proper invoice instead of just a booking summary?
FB-000316,2026-06-06T12:45:00Z,freelancer,interview_excerpt,London,business_basic,accounts,3,monthly,"I want a clearer indicator when I'm booking under the company account. It worked the next time, but I still don't trust it."
FB-000317,2026-03-16T01:28:00Z,freelancer,app_review,London,business_basic,venue,5,monthly,The venue was clean and exactly as described. I mostly book same-day.
FB-000318,2025-08-23T03:07:00Z,remote_employee,survey,Lahore,operator,billing,1,monthly,We spend too much time downloading one document per booking. I noticed the same thing in another city.
FB-000319,2026-08-09T08:54:00Z,company_admin,app_review,Lahore,business_plus,billing,2,monthly,Our office manager wants one place to see all team booking charges. Support eventually sorted it out.
FB-000320,2026-05-23T03:49:00Z,small_business,email_feedback,Remote,individual,billing,1,monthly,"The receipt works for me personally, but not for our accounts team. Not a deal-breaker, just annoying."
FB-000321,2026-06-07T11:25:00Z,small_business,account_team_note,Manchester,individual,availability,1,weekly,Availability looked fine online and the operator had already blocked the room. Support eventually sorted it out.
FB-000322,2025-09-10T00:31:00Z,company_admin,app_review,Lahore,business_plus,billing,1,monthly,The billing address was wrong and I couldn't correct it myself after booking. Maybe this was specific to one venue.
FB-000323,2026-06-03T03:11:00Z,small_business,interview_excerpt,Dubai,business_basic,venue,2,first_time,Wi-Fi was excellent and the desk matched the listing. This is the main reason I'd hesitate to book again.
FB-000324,2026-01-31T04:28:00Z,small_business,email_feedback,Manchester,operator,billing,2,first_time,Can the monthly statement be a proper invoice instead of just a booking summary?
FB-000325,2026-01-20T12:26:00Z,freelancer,app_review,Riyadh,operator,booking_changes,2,weekly,"For a team booking, changing one detail feels like rebuilding the whole thing. My colleague had a similar issue last week."
FB-000326,2026-02-10T20:29:00Z,small_business,account_team_note,Karachi,business_basic,venue,4,monthly,The venue was clean and exactly as described.
FB-000327,2026-02-23T08:31:00Z,small_business,support_ticket,London,business_plus,billing,1,weekly,We spend too much time downloading one document per booking. This mattered more because I was already late for a meeting.
FB-000328,2025-09-11T04:43:00Z,freelancer,account_team_note,Karachi,business_plus,general,4,monthly,The operator dashboard is much easier than our old spreadsheet. This happened twice this month.
FB-000329,2026-01-02T00:44:00Z,remote_employee,support_ticket,Lahore,individual,billing,3,first_time,I need the company name and tax details on the invoice.
FB-000330,2025-11-12T19:00:00Z,coworking_operator,support_ticket,Dubai,business_plus,general,5,first_time,Our team booked a room for eight people without needing support. I use DeskNest most weeks.
FB-000331,2025-12-23T09:36:00Z,small_business,app_review,Lahore,individual,confirmation,3,first_time,I received two confirmation emails for the same booking. Support eventually sorted it out.
FB-000332,2025-10-09T14:31:00Z,remote_employee,account_team_note,London,business_plus,venue,2,occasional,The listing should say whether phone calls are allowed in the open area.
FB-000333,2025-11-27T13:41:00Z,remote_employee,support_ticket,Lahore,business_plus,confirmation,2,monthly,The booking was confirmed in the app but the email came twenty minutes later. I noticed the same thing in another city.
FB-000334,2026-07-16T07:11:00Z,coworking_operator,survey,Lahore,operator,checkout,2,monthly,"The final total was correct, but the pricing breakdown could be easier to scan. This happened twice this month."
FB-000335,2025-10-12T10:39:00Z,freelancer,in_app_feedback,Islamabad,operator,availability,2,first_time,I don't trust the availability anymore because the same thing happened twice. This happened twice this month.
FB-000336,2025-10-28T08:45:00Z,freelancer,interview_excerpt,Manchester,individual,checkout,3,monthly,"The fee isn't huge, it just feels hidden until late in the process. This is the main reason I'd hesitate to book again."
FB-000337,2025-11-24T06:24:00Z,company_admin,in_app_feedback,Karachi,operator,accounts,2,first_time,Our employees keep asking which payment method will be charged. Our team has around eight people.
FB-000338,2025-09-18T23:28:00Z,small_business,interview_excerpt,Remote,individual,billing,2,occasional,Can the monthly statement be a proper invoice instead of just a booking summary? Maybe this was specific to one venue.
FB-000339,2026-06-20T03:44:00Z,freelancer,account_team_note,Riyadh,business_plus,confirmation,1,monthly,I booked again because the first confirmation never showed up in my inbox. I noticed the same thing in another city.
FB-000340,2025-08-08T04:19:00Z,small_business,email_feedback,Manchester,business_plus,availability,3,occasional,I had a confirmed booking and there wasn't actually a free room when I arrived. The first booking was fine and the second one wasn't.
FB-000341,2026-04-18T10:39:00Z,coworking_operator,email_feedback,London,business_basic,operator_tools,2,weekly,I need clearer confirmation that an inventory block actually saved. This mattered more because I was already late for a meeting.
FB-000342,2026-06-07T14:37:00Z,remote_employee,app_review,Lahore,business_basic,booking_changes,2,monthly,"For a team booking, changing one detail feels like rebuilding the whole thing."
FB-000343,2025-11-05T14:31:00Z,remote_employee,interview_excerpt,Lahore,business_plus,search,3,occasional,"Search is quick, but comparing amenities across venues takes too long. Not a deal-breaker, just annoying."
FB-000344,2026-02-23T11:57:00Z,company_admin,app_review,London,business_plus,confirmation,3,monthly,I thought the booking failed because I didn't get a confirmation email.
FB-000345,2025-10-13T04:20:00Z,freelancer,interview_excerpt,Islamabad,individual,checkout,1,weekly,"It would help to show an all-in price in search results. It worked the next time, but I still don't trust it."
FB-000346,2026-08-08T20:25:00Z,freelancer,account_team_note,Islamabad,business_basic,checkout,2,first_time,"I don't mind paying the fee, but I want to see it earlier. I noticed the same thing in another city."
FB-000347,2025-12-08T19:09:00Z,freelancer,survey,Karachi,operator,general,4,monthly,The map and date search make last-minute booking easy. This is the main reason I'd hesitate to book again.
FB-000348,2026-04-23T02:09:00Z,small_business,app_review,Remote,business_basic,availability,1,occasional,I had a confirmed booking and there wasn't actually a free room when I arrived. I mostly book same-day.
FB-000349,2025-11-24T04:39:00Z,small_business,in_app_feedback,Lahore,individual,other,5,weekly,The chairs were blue.
FB-000350,2026-03-25T01:06:00Z,freelancer,support_ticket,London,business_plus,search,2,weekly,"I want to filter for desks with an external monitor, not just venues that have monitors somewhere. This mattered more because I was already late for a meeting."
FB-000351,2026-02-13T13:53:00Z,freelancer,app_review,Riyadh,individual,venue,4,occasional,Wi-Fi was excellent and the desk matched the listing.
FB-000352,2025-09-26T16:16:00Z,remote_employee,survey,Remote,individual,accounts,3,first_time,"The company allowance is useful, but I sometimes lose track of which profile I'm using. I noticed the same thing in another city."
FB-000353,2026-06-05T00:24:00Z,small_business,email_feedback,Karachi,individual,confirmation,2,first_time,I booked again because the first confirmation never showed up in my inbox. This mattered more because I was already late for a meeting.
FB-000354,2026-06-17T10:36:00Z,remote_employee,interview_excerpt,Lahore,operator,venue,3,monthly,Wi-Fi was excellent and the desk matched the listing.
FB-000355,2026-05-26T14:09:00Z,remote_employee,survey,Remote,individual,availability,3,first_time,"The space disappeared between search and checkout, which was frustrating. It worked the next time, but I still don't trust it."
FB-000356,2026-01-12T16:11:00Z,small_business,account_team_note,Remote,business_plus,venue,2,occasional,The room was smaller than it looked in the photos. This happened twice this month.
FB-000357,2025-11-02T16:35:00Z,freelancer,survey,Manchester,business_plus,confirmation,1,occasional,I thought the booking failed because I didn't get a confirmation email. Our team has around eight people.
FB-000358,2026-02-18T03:16:00Z,coworking_operator,survey,London,business_basic,operator_tools,2,weekly,We need bulk inventory changes across several days. This mattered more because I was already late for a meeting.
FB-000359,2025-08-17T14:57:00Z,remote_employee,interview_excerpt,Dubai,business_plus,billing,2,weekly,"Our finance team needs one invoice for the whole month, not twenty separate receipts. Maybe this was specific to one venue."
FB-000360,2025-10-04T21:25:00Z,freelancer,email_feedback,Dubai,business_plus,venue,5,first_time,The listing should say whether phone calls are allowed in the open area. I mostly book same-day.
FB-000361,2026-01-21T09:00:00Z,company_admin,email_feedback,Islamabad,operator,availability,2,occasional,"The space disappeared between search and checkout, which was frustrating. This happened twice this month."
FB-000362,2026-01-28T14:37:00Z,company_admin,app_review,Islamabad,operator,billing,3,weekly,"The receipt works for me personally, but not for our accounts team. I mostly book same-day."
FB-000363,2025-10-09T16:55:00Z,company_admin,survey,Riyadh,individual,other,4,occasional,No comment.
FB-000364,2026-07-07T06:28:00Z,freelancer,support_ticket,Islamabad,business_plus,venue,2,first_time,Wi-Fi was excellent and the desk matched the listing. Maybe this was specific to one venue.
FB-000365,2025-12-23T11:33:00Z,remote_employee,interview_excerpt,Karachi,business_plus,search,3,monthly,"Search is quick, but comparing amenities across venues takes too long. I mostly book same-day."
FB-000366,2026-08-09T06:49:00Z,small_business,app_review,Dubai,individual,availability,3,weekly,Availability looked fine online and the operator had already blocked the room. I noticed the same thing in another city.
FB-000367,2026-01-18T21:33:00Z,freelancer,account_team_note,London,business_plus,confirmation,3,first_time,The app said pending for a few minutes even though the payment went through. Support eventually sorted it out.
FB-000368,2026-03-22T07:19:00Z,remote_employee,email_feedback,Riyadh,individual,confirmation,2,weekly,I received two confirmation emails for the same booking. My colleague had a similar issue last week.
FB-000369,2026-06-13T03:10:00Z,company_admin,in_app_feedback,Riyadh,business_basic,accounts,2,monthly,I accidentally used my personal card for a work booking.
FB-000370,2026-04-05T12:46:00Z,remote_employee,app_review,London,operator,confirmation,2,monthly,"The push notification arrived right away, but email was delayed. I use DeskNest most weeks."
FB-000371,2026-04-17T01:37:00Z,coworking_operator,support_ticket,Manchester,operator,operator_tools,3,monthly,"Our local calendar showed the room blocked, but DeskNest still accepted a request."
FB-000372,2025-10-19T12:27:00Z,small_business,survey,Riyadh,business_basic,booking_changes,2,weekly,"For a team booking, changing one detail feels like rebuilding the whole thing."
FB-000373,2025-12-16T09:48:00Z,freelancer,in_app_feedback,Islamabad,business_basic,availability,2,occasional,"The app showed a room available, but the venue said it was already booked. Not a deal-breaker, just annoying."
FB-000374,2025-08-18T21:56:00Z,small_business,in_app_feedback,Islamabad,operator,billing,2,weekly,Can the monthly statement be a proper invoice instead of just a booking summary? My colleague had a similar issue last week.
FB-000375,2026-02-18T00:00:00Z,remote_employee,account_team_note,Karachi,individual,availability,2,monthly,"My booking existed, but the venue said their calendar had something different. Not a deal-breaker, just annoying."
FB-000376,2025-12-04T15:33:00Z,small_business,survey,Islamabad,business_basic,accounts,2,monthly,Switching between my personal bookings and company bookings is confusing. This happened twice this month.
FB-000377,2026-04-21T13:14:00Z,coworking_operator,app_review,Islamabad,business_plus,operator_tools,2,first_time,We need bulk inventory changes across several days.
FB-000378,2026-03-12T02:36:00Z,remote_employee,interview_excerpt,London,individual,general,4,monthly,I use DeskNest every week because it saves me calling venues.
FB-000379,2025-11-16T16:22:00Z,remote_employee,in_app_feedback,Islamabad,individual,billing,2,monthly,I need the company name and tax details on the invoice. This happened twice this month.
FB-000380,2026-06-28T23:41:00Z,company_admin,in_app_feedback,London,individual,checkout,2,weekly,"The final total was correct, but the pricing breakdown could be easier to scan. Our team has around eight people."
FB-000381,2026-03-26T20:22:00Z,freelancer,support_ticket,Islamabad,business_plus,availability,2,monthly,"My booking existed, but the venue said their calendar had something different."
FB-000382,2026-08-09T14:40:00Z,coworking_operator,interview_excerpt,Riyadh,operator,operator_tools,2,weekly,Changing room availability individually takes too many clicks. I noticed the same thing in another city.
FB-000383,2026-02-25T20:55:00Z,company_admin,interview_excerpt,Karachi,business_plus,accounts,1,first_time,I accidentally used my personal card for a work booking.
FB-000384,2026-05-08T18:41:00Z,small_business,interview_excerpt,Karachi,operator,accounts,2,occasional,I want a clearer indicator when I'm booking under the company account. This happened twice this month.
FB-000385,2026-04-23T01:57:00Z,coworking_operator,interview_excerpt,Remote,operator,availability,1,first_time,Availability looked fine online and the operator had already blocked the room.
FB-000386,2025-12-12T04:03:00Z,company_admin,interview_excerpt,London,business_plus,checkout,3,occasional,"The fee isn't huge, it just feels hidden until late in the process. Not a deal-breaker, just annoying."
FB-000387,2026-05-17T08:17:00Z,remote_employee,in_app_feedback,Remote,business_plus,availability,1,weekly,I don't trust the availability anymore because the same thing happened twice. Maybe this was specific to one venue.
FB-000388,2026-02-15T21:53:00Z,coworking_operator,in_app_feedback,Manchester,individual,billing,2,weekly,Our office manager wants one place to see all team booking charges. I noticed the same thing in another city.
FB-000389,2026-02-16T08:13:00Z,company_admin,account_team_note,Dubai,individual,billing,3,weekly,"The billing address was wrong and I couldn't correct it myself after booking. Not a deal-breaker, just annoying."
FB-000390,2026-03-17T06:03:00Z,freelancer,app_review,Islamabad,business_basic,availability,2,first_time,"My booking existed, but the venue said their calendar had something different."
FB-000391,2026-02-18T09:16:00Z,small_business,in_app_feedback,London,operator,general,5,first_time,The operator dashboard is much easier than our old spreadsheet. Our team has around eight people.
FB-000392,2026-04-24T22:01:00Z,remote_employee,email_feedback,Manchester,operator,billing,2,first_time,I need the company name and tax details on the invoice.
FB-000393,2026-07-22T11:47:00Z,remote_employee,survey,Lahore,business_basic,booking_changes,2,first_time,"The refund was correct, but the rescheduling flow took too many steps. The first booking was fine and the second one wasn't."
FB-000394,2025-08-18T14:32:00Z,small_business,in_app_feedback,Karachi,business_plus,billing,1,occasional,"Our office manager wants one place to see all team booking charges. Not a deal-breaker, just annoying."
FB-000395,2026-03-03T15:41:00Z,small_business,survey,Remote,operator,venue,5,weekly,Wi-Fi was excellent and the desk matched the listing. My colleague had a similar issue last week.
FB-000396,2026-04-06T01:06:00Z,small_business,account_team_note,Remote,individual,support,3,weekly,I had three channels open for the same issue and wasn't sure which one was current.
FB-000397,2026-02-27T13:49:00Z,small_business,support_ticket,Manchester,business_plus,venue,5,occasional,The listing should say whether phone calls are allowed in the open area. I use DeskNest most weeks.
FB-000398,2026-06-10T09:30:00Z,freelancer,account_team_note,Manchester,individual,confirmation,2,occasional,I received two confirmation emails for the same booking.
FB-000399,2025-12-25T11:40:00Z,company_admin,interview_excerpt,Lahore,operator,availability,2,first_time,"My booking existed, but the venue said their calendar had something different. This is the main reason I'd hesitate to book again."
FB-000400,2026-07-15T00:51:00Z,remote_employee,in_app_feedback,Lahore,operator,accounts,1,first_time,"The company allowance is useful, but I sometimes lose track of which profile I'm using. Maybe this was specific to one venue."
FB-000401,2026-02-20T23:56:00Z,small_business,account_team_note,Riyadh,business_plus,search,1,weekly,"I wish the app remembered my usual filters. Not a deal-breaker, just annoying."
FB-000402,2026-06-07T10:43:00Z,company_admin,app_review,London,operator,checkout,2,monthly,"The final total was correct, but the pricing breakdown could be easier to scan."
FB-000403,2026-01-28T06:28:00Z,freelancer,in_app_feedback,Dubai,individual,search,3,weekly,I need a quiet-call filter because I keep opening listings one by one. This mattered more because I was already late for a meeting.
FB-000404,2025-09-17T14:57:00Z,coworking_operator,email_feedback,Dubai,individual,operator_tools,3,first_time,"Our local calendar showed the room blocked, but DeskNest still accepted a request. Support eventually sorted it out."
FB-000405,2026-03-21T17:01:00Z,freelancer,survey,Islamabad,operator,confirmation,2,weekly,I need faster confirmation because I usually book on the way to a meeting. Maybe this was specific to one venue.
FB-000406,2026-08-01T04:02:00Z,small_business,in_app_feedback,Lahore,individual,accounts,3,monthly,"The company allowance is useful, but I sometimes lose track of which profile I'm using. Our team has around eight people."
FB-000407,2025-08-15T10:55:00Z,freelancer,app_review,Karachi,individual,booking_changes,1,occasional,It's not clear which bookings can be changed directly.
FB-000408,2026-02-25T11:14:00Z,small_business,app_review,Manchester,operator,booking_changes,2,weekly,"Changing the booking time should be easier than cancelling and starting again. Not a deal-breaker, just annoying."
FB-000409,2026-02-11T19:10:00Z,freelancer,support_ticket,Manchester,operator,checkout,2,occasional,The total changed enough at checkout that I went back to compare venues.
FB-000410,2025-09-18T20:29:00Z,company_admin,support_ticket,Lahore,operator,search,2,first_time,The neighborhood filter is too broad for where I actually need to work. I use DeskNest most weeks.
FB-000411,2026-03-06T14:15:00Z,small_business,support_ticket,Lahore,business_plus,billing,3,weekly,Can the monthly statement be a proper invoice instead of just a booking summary? This mattered more because I was already late for a meeting.
FB-000412,2025-10-23T21:28:00Z,freelancer,interview_excerpt,London,individual,search,2,occasional,"Search is quick, but comparing amenities across venues takes too long. This is the main reason I'd hesitate to book again."
FB-000413,2026-01-18T02:13:00Z,remote_employee,interview_excerpt,Islamabad,business_basic,confirmation,3,monthly,The app said pending for a few minutes even though the payment went through. My colleague had a similar issue last week.
FB-000414,2026-03-25T21:30:00Z,remote_employee,account_team_note,Islamabad,business_basic,availability,3,monthly,I had a confirmed booking and there wasn't actually a free room when I arrived. This mattered more because I was already late for a meeting.
FB-000415,2025-09-01T10:46:00Z,small_business,support_ticket,Riyadh,business_plus,billing,3,occasional,I need the company name and tax details on the invoice.
FB-000416,2026-04-21T07:44:00Z,remote_employee,email_feedback,London,business_plus,accounts,3,occasional,Switching between my personal bookings and company bookings is confusing.
FB-000417,2026-05-22T05:50:00Z,remote_employee,app_review,Manchester,individual,search,3,occasional,"I can find a desk, but it's hard to tell which ones allow calls. This happened twice this month."
FB-000418,2026-05-02T14:57:00Z,small_business,interview_excerpt,London,operator,support,2,weekly,"The answer was good, but it took almost a day. It worked the next time, but I still don't trust it."
FB-000419,2025-10-07T03:43:00Z,remote_employee,app_review,Riyadh,business_basic,billing,2,occasional,"The receipt works for me personally, but not for our accounts team. This happened twice this month."
FB-000420,2026-03-19T17:20:00Z,small_business,account_team_note,Dubai,business_basic,billing,2,weekly,"Our finance team needs one invoice for the whole month, not twenty separate receipts. I noticed the same thing in another city."
FB-000421,2026-07-31T13:46:00Z,company_admin,in_app_feedback,Manchester,operator,search,2,first_time,The neighborhood filter is too broad for where I actually need to work. I use DeskNest most weeks.
FB-000422,2025-10-06T10:09:00Z,coworking_operator,app_review,Remote,operator,operator_tools,1,monthly,Blocking twenty desks one by one for a private event is too slow. This is the main reason I'd hesitate to book again.
FB-000423,2025-10-05T08:40:00Z,coworking_operator,account_team_note,Lahore,individual,operator_tools,2,first_time,"Blocking twenty desks one by one for a private event is too slow. It worked the next time, but I still don't trust it."
FB-000424,2026-07-22T17:20:00Z,small_business,interview_excerpt,Dubai,business_basic,billing,3,first_time,"The receipt works for me personally, but not for our accounts team."
FB-000425,2025-10-08T01:01:00Z,small_business,interview_excerpt,Dubai,operator,confirmation,2,first_time,"The push notification arrived right away, but email was delayed. This happened twice this month."
FB-000426,2025-11-07T08:06:00Z,freelancer,email_feedback,Manchester,operator,checkout,1,weekly,The total changed enough at checkout that I went back to compare venues.
FB-000427,2025-10-01T18:34:00Z,coworking_operator,in_app_feedback,Remote,operator,general,5,occasional,The map and date search make last-minute booking easy. This mattered more because I was already late for a meeting.
FB-000428,2026-06-12T10:55:00Z,freelancer,account_team_note,Riyadh,business_basic,support,4,first_time,"The answer was good, but it took almost a day. My colleague had a similar issue last week."
FB-000429,2026-02-24T02:25:00Z,small_business,support_ticket,Islamabad,business_basic,venue,4,monthly,The venue was clean and exactly as described.
FB-000430,2026-01-24T15:55:00Z,coworking_operator,email_feedback,London,individual,availability,3,monthly,I had a confirmed booking and there wasn't actually a free room when I arrived. This happened twice this month.
FB-000431,2026-04-10T09:05:00Z,small_business,interview_excerpt,Manchester,individual,support,4,monthly,I had three channels open for the same issue and wasn't sure which one was current. Maybe this was specific to one venue.
FB-000432,2026-01-17T00:05:00Z,remote_employee,support_ticket,Dubai,individual,accounts,2,weekly,"The company allowance is useful, but I sometimes lose track of which profile I'm using. This is the main reason I'd hesitate to book again."
FB-000433,2025-11-02T04:31:00Z,freelancer,support_ticket,London,business_plus,refunds,1,monthly,"The cancellation went through quickly, but the money took longer. I noticed the same thing in another city."
FB-000434,2025-12-05T20:02:00Z,company_admin,app_review,London,business_basic,availability,2,weekly,"My booking existed, but the venue said their calendar had something different. Support eventually sorted it out."
FB-000435,2026-03-04T03:38:00Z,remote_employee,survey,Dubai,business_basic,billing,2,occasional,We spend too much time downloading one document per booking. My colleague had a similar issue last week.
FB-000436,2026-04-02T13:41:00Z,company_admin,interview_excerpt,Dubai,operator,accounts,3,occasional,Switching between my personal bookings and company bookings is confusing. Our team has around eight people.
FB-000437,2025-11-22T13:31:00Z,freelancer,survey,Islamabad,business_basic,search,3,first_time,The neighborhood filter is too broad for where I actually need to work. The first booking was fine and the second one wasn't.
FB-000438,2025-10-31T11:48:00Z,coworking_operator,support_ticket,Manchester,business_basic,operator_tools,1,monthly,"Our local calendar showed the room blocked, but DeskNest still accepted a request. Support eventually sorted it out."
FB-000439,2025-12-04T19:42:00Z,remote_employee,app_review,London,individual,availability,2,monthly,I had a confirmed booking and there wasn't actually a free room when I arrived. The first booking was fine and the second one wasn't.
FB-000440,2026-06-04T17:39:00Z,remote_employee,in_app_feedback,Islamabad,business_basic,billing,1,first_time,I need the company name and tax details on the invoice. Our team has around eight people.
FB-000441,2025-12-28T02:11:00Z,remote_employee,email_feedback,Riyadh,operator,availability,1,occasional,Availability looked fine online and the operator had already blocked the room.
FB-000442,2026-08-09T02:12:00Z,remote_employee,support_ticket,London,business_basic,search,3,monthly,The filters reset when I go back from a venue page. The first booking was fine and the second one wasn't.
FB-000443,2026-06-10T12:00:00Z,small_business,account_team_note,Manchester,business_basic,billing,1,monthly,I need the company name and tax details on the invoice. The first booking was fine and the second one wasn't.
FB-000444,2026-06-11T21:31:00Z,coworking_operator,survey,Manchester,business_basic,general,4,occasional,The map and date search make last-minute booking easy. Maybe this was specific to one venue.
FB-000445,2026-02-20T21:33:00Z,coworking_operator,support_ticket,Islamabad,business_basic,operator_tools,2,first_time,"The calendar is usable, but bulk close is still limited for some inventory."
FB-000446,2026-04-03T19:20:00Z,freelancer,app_review,Manchester,business_basic,confirmation,3,weekly,I booked again because the first confirmation never showed up in my inbox.
FB-000447,2026-05-20T20:29:00Z,freelancer,survey,Islamabad,individual,search,1,monthly,"Search is quick, but comparing amenities across venues takes too long. Maybe this was specific to one venue."
FB-000448,2026-05-03T12:49:00Z,small_business,survey,Dubai,business_basic,billing,2,weekly,I need the company name and tax details on the invoice. I noticed the same thing in another city.
FB-000449,2026-02-18T21:25:00Z,company_admin,support_ticket,Dubai,operator,general,4,first_time,Our team booked a room for eight people without needing support. This happened twice this month.
FB-000450,2025-08-23T09:46:00Z,coworking_operator,survey,Manchester,individual,availability,3,occasional,"The space disappeared between search and checkout, which was frustrating. Not a deal-breaker, just annoying."
FB-000451,2026-05-06T17:45:00Z,small_business,account_team_note,London,business_basic,booking_changes,1,occasional,It's not clear which bookings can be changed directly.
FB-000452,2025-12-27T21:06:00Z,freelancer,survey,Dubai,business_plus,booking_changes,1,first_time,We had to cancel the whole room because two attendees changed. I mostly book same-day.
FB-000453,2025-09-03T20:25:00Z,small_business,support_ticket,Dubai,individual,support,3,first_time,I had three channels open for the same issue and wasn't sure which one was current.
FB-000454,2025-10-24T16:14:00Z,small_business,email_feedback,Islamabad,business_basic,booking_changes,2,first_time,It's not clear which bookings can be changed directly.
FB-000455,2025-08-10T04:12:00Z,remote_employee,interview_excerpt,Karachi,individual,general,5,first_time,Our team booked a room for eight people without needing support. This is the main reason I'd hesitate to book again.
FB-000456,2026-03-11T16:35:00Z,small_business,app_review,Dubai,business_plus,booking_changes,3,weekly,It's not clear which bookings can be changed directly.
FB-000457,2025-10-27T04:53:00Z,freelancer,survey,Lahore,operator,venue,3,monthly,The space was much noisier than the listing made it sound. Maybe this was specific to one venue.
FB-000458,2026-01-29T09:50:00Z,company_admin,account_team_note,Islamabad,individual,booking_changes,1,first_time,"For a team booking, changing one detail feels like rebuilding the whole thing."
FB-000459,2025-10-14T03:39:00Z,company_admin,email_feedback,Lahore,business_plus,refunds,3,occasional,I had to contact support just to confirm the refund was actually initiated. Our team has around eight people.
FB-000460,2025-08-05T05:24:00Z,freelancer,support_ticket,Karachi,operator,search,2,monthly,"I can find a desk, but it's hard to tell which ones allow calls. I use DeskNest most weeks."
FB-000461,2026-03-04T09:16:00Z,small_business,email_feedback,Karachi,operator,booking_changes,2,occasional,Changing the booking time should be easier than cancelling and starting again. The first booking was fine and the second one wasn't.
FB-000462,2025-09-04T12:11:00Z,freelancer,account_team_note,Lahore,individual,search,2,occasional,The neighborhood filter is too broad for where I actually need to work. My colleague had a similar issue last week.
FB-000463,2026-08-08T13:05:00Z,coworking_operator,in_app_feedback,Riyadh,business_basic,availability,2,occasional,I had a confirmed booking and there wasn't actually a free room when I arrived.
FB-000464,2025-10-19T21:16:00Z,small_business,app_review,Riyadh,individual,billing,2,first_time,I need the company name and tax details on the invoice. Maybe this was specific to one venue.
FB-000465,2026-05-15T18:00:00Z,freelancer,in_app_feedback,Riyadh,business_basic,booking_changes,2,occasional,"The refund was correct, but the rescheduling flow took too many steps. Support eventually sorted it out."
FB-000466,2025-10-18T06:43:00Z,remote_employee,support_ticket,Manchester,operator,venue,3,weekly,"The room was smaller than it looked in the photos. Not a deal-breaker, just annoying."
FB-000467,2025-10-23T12:25:00Z,small_business,in_app_feedback,Islamabad,operator,accounts,1,weekly,I accidentally used my personal card for a work booking. Support eventually sorted it out.
FB-000468,2026-05-27T18:59:00Z,freelancer,account_team_note,Manchester,individual,support,4,monthly,The second agent didn't seem to have the context from my earlier message.
FB-000469,2026-04-26T07:24:00Z,freelancer,account_team_note,Riyadh,business_basic,support,4,weekly,"The agent was quick, but I had already sent the booking ID in the first message."
FB-000470,2025-12-20T12:54:00Z,coworking_operator,support_ticket,Islamabad,operator,general,5,monthly,Confirmation was immediate and the venue had everything listed. This happened twice this month.
FB-000471,2025-10-23T12:54:00Z,freelancer,interview_excerpt,Karachi,business_basic,checkout,2,monthly,"I don't mind paying the fee, but I want to see it earlier. This happened twice this month."
FB-000472,2025-12-17T14:48:00Z,freelancer,app_review,London,business_basic,other,2,first_time,The chairs were blue.
FB-000473,2026-04-12T03:33:00Z,remote_employee,survey,Manchester,operator,confirmation,2,occasional,I thought the booking failed because I didn't get a confirmation email.
FB-000474,2026-07-18T16:39:00Z,small_business,account_team_note,Dubai,operator,booking_changes,1,weekly,"For a team booking, changing one detail feels like rebuilding the whole thing. The first booking was fine and the second one wasn't."
FB-000475,2026-03-06T00:12:00Z,remote_employee,support_ticket,Remote,operator,venue,3,first_time,Wi-Fi was excellent and the desk matched the listing. This is the main reason I'd hesitate to book again.
FB-000476,2025-12-19T06:58:00Z,freelancer,account_team_note,Remote,business_plus,availability,2,first_time,"My booking existed, but the venue said their calendar had something different. Our team has around eight people."
FB-000477,2026-06-02T23:50:00Z,freelancer,survey,Lahore,business_plus,confirmation,3,weekly,I need faster confirmation because I usually book on the way to a meeting. Our team has around eight people.
FB-000478,2025-10-30T09:39:00Z,company_admin,account_team_note,Dubai,business_plus,refunds,1,weekly,I had to contact support just to confirm the refund was actually initiated.
FB-000479,2026-02-08T20:51:00Z,small_business,support_ticket,Riyadh,business_basic,booking_changes,1,occasional,"The refund was correct, but the rescheduling flow took too many steps. Support eventually sorted it out."
FB-000480,2026-07-05T06:57:00Z,freelancer,support_ticket,Dubai,operator,checkout,1,monthly,"The final total was correct, but the pricing breakdown could be easier to scan. Our team has around eight people."
FB-000481,2026-04-22T12:47:00Z,remote_employee,account_team_note,Dubai,operator,general,5,monthly,Confirmation was immediate and the venue had everything listed. I mostly book same-day.
FB-000482,2025-09-23T13:26:00Z,coworking_operator,email_feedback,Remote,business_plus,operator_tools,1,monthly,We had a customer arrive after we thought the room was closed online. This mattered more because I was already late for a meeting.
FB-000483,2026-07-24T23:38:00Z,coworking_operator,interview_excerpt,Riyadh,business_plus,support,3,weekly,"The answer was good, but it took almost a day. Our team has around eight people."
FB-000484,2026-04-03T19:55:00Z,freelancer,email_feedback,Karachi,business_plus,general,4,occasional,"The map and date search make last-minute booking easy. It worked the next time, but I still don't trust it."
FB-000485,2026-07-27T19:17:00Z,freelancer,in_app_feedback,Manchester,operator,refunds,3,weekly,"I want the app to show where the refund is in the process. Not a deal-breaker, just annoying."
FB-000486,2025-09-26T14:45:00Z,small_business,in_app_feedback,Riyadh,individual,accounts,2,first_time,"The company allowance is useful, but I sometimes lose track of which profile I'm using. This is the main reason I'd hesitate to book again."
FB-000487,2026-02-12T06:22:00Z,company_admin,survey,Lahore,operator,booking_changes,2,occasional,Changing the booking time should be easier than cancelling and starting again.
FB-000488,2025-09-07T14:56:00Z,remote_employee,app_review,Dubai,individual,search,3,monthly,The filters reset when I go back from a venue page.
FB-000489,2025-08-04T19:40:00Z,small_business,app_review,Islamabad,operator,booking_changes,1,occasional,I want to move a booking to another time without losing the room.
FB-000490,2026-04-20T09:15:00Z,remote_employee,email_feedback,Karachi,business_plus,availability,2,weekly,I had a confirmed booking and there wasn't actually a free room when I arrived. This happened twice this month.
FB-000491,2025-09-24T16:59:00Z,small_business,support_ticket,Lahore,individual,general,4,first_time,Our team booked a room for eight people without needing support. Support eventually sorted it out.
FB-000492,2025-08-31T20:58:00Z,coworking_operator,survey,Islamabad,business_plus,support,4,occasional,"Support fixed it, but I had to explain the same booking problem twice. I noticed the same thing in another city."
FB-000493,2025-08-22T04:03:00Z,coworking_operator,app_review,Lahore,individual,support,4,occasional,"Support fixed it, but I had to explain the same booking problem twice. This is the main reason I'd hesitate to book again."
FB-000494,2026-04-30T05:11:00Z,remote_employee,account_team_note,Lahore,business_plus,accounts,3,occasional,Switching between my personal bookings and company bookings is confusing.
FB-000495,2025-08-01T13:09:00Z,small_business,in_app_feedback,Manchester,individual,booking_changes,2,monthly,I want to move a booking to another time without losing the room. Maybe this was specific to one venue.
FB-000496,2025-09-27T22:06:00Z,coworking_operator,survey,Dubai,individual,operator_tools,1,occasional,"When we have maintenance, updating every desk separately is painful. This mattered more because I was already late for a meeting."
FB-000497,2025-08-29T11:40:00Z,freelancer,account_team_note,Manchester,operator,support,2,first_time,"I had three channels open for the same issue and wasn't sure which one was current. It worked the next time, but I still don't trust it."
FB-000498,2026-08-04T19:11:00Z,freelancer,in_app_feedback,Dubai,operator,venue,4,weekly,The monitor in the photos wasn't available at my desk. I noticed the same thing in another city.
FB-000499,2026-07-04T19:04:00Z,small_business,in_app_feedback,Manchester,business_basic,availability,2,weekly,"My booking existed, but the venue said their calendar had something different. Our team has around eight people."
FB-000500,2026-04-10T01:17:00Z,small_business,email_feedback,Riyadh,operator,billing,1,monthly,"Our finance team needs one invoice for the whole month, not twenty separate receipts."
FB-000501,2026-07-28T11:11:00Z,small_business,survey,Manchester,business_plus,checkout,2,first_time,It would help to show an all-in price in search results. I noticed the same thing in another city.
FB-000502,2026-08-06T12:16:00Z,small_business,in_app_feedback,Riyadh,business_plus,accounts,2,first_time,"I like having both accounts, I just want the switch to be more obvious. This mattered more because I was already late for a meeting."
FB-000503,2026-07-14T16:16:00Z,small_business,email_feedback,Riyadh,individual,search,2,first_time,The neighborhood filter is too broad for where I actually need to work. The first booking was fine and the second one wasn't.
FB-000504,2026-04-21T05:13:00Z,small_business,email_feedback,Lahore,individual,booking_changes,2,occasional,It's not clear which bookings can be changed directly. I noticed the same thing in another city.
FB-000505,2025-10-31T21:10:00Z,remote_employee,survey,Riyadh,individual,general,5,monthly,I use DeskNest every week because it saves me calling venues. This happened twice this month.
FB-000506,2025-10-29T12:17:00Z,small_business,in_app_feedback,Lahore,operator,search,3,occasional,"I want to filter for desks with an external monitor, not just venues that have monitors somewhere. This happened twice this month."
FB-000507,2025-11-04T10:07:00Z,small_business,support_ticket,London,business_basic,billing,2,monthly,I need the company name and tax details on the invoice. This mattered more because I was already late for a meeting.
FB-000508,2026-03-04T07:15:00Z,freelancer,support_ticket,Riyadh,individual,accounts,3,occasional,Our employees keep asking which payment method will be charged. Maybe this was specific to one venue.
FB-000509,2025-08-24T14:57:00Z,small_business,email_feedback,Dubai,individual,confirmation,1,first_time,I thought the booking failed because I didn't get a confirmation email.
FB-000510,2026-03-13T11:42:00Z,freelancer,app_review,Karachi,business_basic,confirmation,2,monthly,The app said pending for a few minutes even though the payment went through. Support eventually sorted it out.
FB-000511,2026-07-09T15:24:00Z,remote_employee,email_feedback,Riyadh,operator,search,1,monthly,"Search is quick, but comparing amenities across venues takes too long. This is the main reason I'd hesitate to book again."
FB-000512,2026-07-29T04:59:00Z,remote_employee,in_app_feedback,London,business_plus,availability,3,monthly,"I don't trust the availability anymore because the same thing happened twice. It worked the next time, but I still don't trust it."
FB-000513,2026-02-21T05:00:00Z,coworking_operator,survey,Riyadh,business_basic,general,4,first_time,I use DeskNest every week because it saves me calling venues. This is the main reason I'd hesitate to book again.
FB-000514,2026-07-12T07:43:00Z,small_business,in_app_feedback,Dubai,business_plus,billing,1,monthly,I need the company name and tax details on the invoice. This happened twice this month.
FB-000515,2026-04-25T02:42:00Z,remote_employee,app_review,Remote,individual,availability,3,weekly,"DeskNest said the desk was open, but reception told me they had no space."
FB-000516,2025-08-16T06:01:00Z,remote_employee,app_review,Islamabad,business_basic,availability,3,first_time,"The space disappeared between search and checkout, which was frustrating. I use DeskNest most weeks."
FB-000517,2026-07-01T08:40:00Z,company_admin,email_feedback,Remote,individual,billing,2,weekly,Our office manager wants one place to see all team booking charges. I use DeskNest most weeks.
FB-000518,2026-07-27T07:21:00Z,remote_employee,interview_excerpt,Remote,operator,confirmation,2,occasional,I received two confirmation emails for the same booking.
FB-000519,2026-01-19T18:19:00Z,remote_employee,interview_excerpt,Remote,operator,support,4,weekly,"Support fixed it, but I had to explain the same booking problem twice. It worked the next time, but I still don't trust it."
FB-000520,2026-03-21T17:05:00Z,remote_employee,support_ticket,Remote,business_basic,refunds,2,occasional,"Support said the refund was sent, but I couldn't see it yet."
FB-000521,2026-04-26T21:01:00Z,freelancer,survey,London,business_plus,search,1,first_time,The filters reset when I go back from a venue page. I use DeskNest most weeks.
FB-000522,2026-02-08T17:20:00Z,freelancer,survey,Dubai,business_basic,availability,1,occasional,"My booking existed, but the venue said their calendar had something different. I mostly book same-day."
FB-000523,2026-06-12T03:21:00Z,freelancer,survey,Manchester,business_plus,booking_changes,2,weekly,I want to move a booking to another time without losing the room. I noticed the same thing in another city.
FB-000524,2026-07-26T02:58:00Z,freelancer,email_feedback,Lahore,operator,refunds,1,first_time,I had to contact support just to confirm the refund was actually initiated. My colleague had a similar issue last week.
FB-000525,2026-07-09T22:45:00Z,freelancer,account_team_note,Dubai,individual,availability,1,occasional,"The app showed a room available, but the venue said it was already booked."
FB-000526,2026-05-04T00:00:00Z,small_business,survey,Lahore,operator,billing,3,first_time,Our office manager wants one place to see all team booking charges. Our team has around eight people.
FB-000527,2025-12-26T23:17:00Z,freelancer,survey,Manchester,business_basic,search,2,first_time,"I can find a desk, but it's hard to tell which ones allow calls."
FB-000528,2025-12-23T20:59:00Z,small_business,app_review,Dubai,business_basic,availability,2,first_time,"DeskNest said the desk was open, but reception told me they had no space."
FB-000529,2025-09-06T01:35:00Z,remote_employee,interview_excerpt,London,business_basic,support,3,weekly,I wish support could see the earlier refund conversation without asking again. My colleague had a similar issue last week.
FB-000530,2026-03-29T09:39:00Z,remote_employee,account_team_note,Manchester,operator,availability,2,weekly,"The app showed a room available, but the venue said it was already booked."
FB-000531,2026-05-18T07:53:00Z,freelancer,account_team_note,Dubai,business_plus,support,3,first_time,I had three channels open for the same issue and wasn't sure which one was current.
FB-000532,2025-12-14T21:52:00Z,company_admin,account_team_note,Remote,business_plus,general,5,weekly,The map and date search make last-minute booking easy. My colleague had a similar issue last week.
FB-000533,2026-06-17T22:13:00Z,coworking_operator,support_ticket,Riyadh,individual,operator_tools,3,first_time,I want to copy the same closure to multiple workspace types. I noticed the same thing in another city.
FB-000534,2026-03-11T06:31:00Z,remote_employee,in_app_feedback,Riyadh,business_plus,confirmation,3,monthly,The booking was confirmed in the app but the email came twenty minutes later.
FB-000535,2025-09-06T16:56:00Z,remote_employee,interview_excerpt,Manchester,operator,search,2,monthly,I wish the app remembered my usual filters.
FB-000536,2025-08-15T04:18:00Z,company_admin,email_feedback,Karachi,individual,booking_changes,2,occasional,Changing the booking time should be easier than cancelling and starting again.
FB-000537,2025-08-14T14:45:00Z,freelancer,support_ticket,Karachi,individual,availability,3,first_time,"The space disappeared between search and checkout, which was frustrating."
FB-000538,2026-01-16T04:03:00Z,freelancer,app_review,Remote,operator,booking_changes,2,monthly,"For a team booking, changing one detail feels like rebuilding the whole thing."
FB-000539,2025-09-14T07:16:00Z,freelancer,interview_excerpt,Lahore,individual,confirmation,2,first_time,I thought the booking failed because I didn't get a confirmation email. I use DeskNest most weeks.
FB-000540,2025-09-22T21:23:00Z,small_business,account_team_note,Islamabad,individual,confirmation,2,occasional,I received two confirmation emails for the same booking. I mostly book same-day.
FB-000541,2026-06-01T12:38:00Z,freelancer,interview_excerpt,Islamabad,business_plus,checkout,2,weekly,"I don't mind paying the fee, but I want to see it earlier. I noticed the same thing in another city."
FB-000542,2026-03-29T09:12:00Z,small_business,account_team_note,Lahore,business_plus,availability,3,weekly,I had a confirmed booking and there wasn't actually a free room when I arrived. I noticed the same thing in another city.
FB-000543,2026-06-10T07:44:00Z,coworking_operator,support_ticket,Karachi,business_basic,operator_tools,2,monthly,I want to copy the same closure to multiple workspace types. Maybe this was specific to one venue.
FB-000544,2026-02-20T16:04:00Z,freelancer,email_feedback,Dubai,individual,availability,3,occasional,I had a confirmed booking and there wasn't actually a free room when I arrived. Support eventually sorted it out.
FB-000545,2026-06-17T05:15:00Z,freelancer,in_app_feedback,Islamabad,individual,general,4,first_time,Confirmation was immediate and the venue had everything listed.
FB-000546,2026-04-25T01:11:00Z,freelancer,app_review,Islamabad,individual,venue,4,occasional,Wi-Fi was excellent and the desk matched the listing. Our team has around eight people.
FB-000547,2026-03-21T16:39:00Z,small_business,support_ticket,Riyadh,business_plus,billing,1,monthly,"The receipt works for me personally, but not for our accounts team. Not a deal-breaker, just annoying."
FB-000548,2025-09-04T05:54:00Z,coworking_operator,survey,Remote,individual,operator_tools,3,occasional,"Blocking twenty desks one by one for a private event is too slow. Not a deal-breaker, just annoying."
FB-000549,2026-01-03T12:50:00Z,small_business,in_app_feedback,London,business_basic,billing,2,monthly,I need the company name and tax details on the invoice.
FB-000550,2026-07-10T11:57:00Z,small_business,account_team_note,Lahore,individual,accounts,1,monthly,"The company allowance is useful, but I sometimes lose track of which profile I'm using. The first booking was fine and the second one wasn't."
FB-000551,2025-08-12T14:05:00Z,remote_employee,app_review,London,operator,general,4,first_time,Our team booked a room for eight people without needing support. This mattered more because I was already late for a meeting.
FB-000552,2025-08-19T21:38:00Z,remote_employee,account_team_note,Lahore,business_plus,confirmation,2,monthly,"The push notification arrived right away, but email was delayed. This mattered more because I was already late for a meeting."
FB-000553,2026-02-19T19:21:00Z,company_admin,app_review,Islamabad,individual,booking_changes,2,first_time,Changing the booking time should be easier than cancelling and starting again. This mattered more because I was already late for a meeting.
FB-000554,2026-03-10T00:12:00Z,small_business,interview_excerpt,Lahore,operator,availability,2,occasional,I don't trust the availability anymore because the same thing happened twice. This happened twice this month.
FB-000555,2025-11-29T11:14:00Z,coworking_operator,in_app_feedback,Dubai,business_plus,availability,1,first_time,"DeskNest said the desk was open, but reception told me they had no space. Our team has around eight people."
FB-000556,2025-11-24T14:20:00Z,small_business,interview_excerpt,Karachi,business_plus,billing,3,monthly,Our office manager wants one place to see all team booking charges. This is the main reason I'd hesitate to book again.
FB-000557,2026-05-01T21:25:00Z,coworking_operator,app_review,Manchester,business_basic,operator_tools,1,first_time,I want a history of who changed the availability and when. This mattered more because I was already late for a meeting.
FB-000558,2026-07-27T07:36:00Z,coworking_operator,email_feedback,Manchester,business_plus,checkout,2,weekly,The workspace price looked good until the extra fee appeared. I mostly book same-day.
FB-000559,2025-09-17T11:34:00Z,remote_employee,in_app_feedback,Remote,individual,search,3,occasional,I need a quiet-call filter because I keep opening listings one by one.
FB-000560,2026-02-09T15:14:00Z,small_business,app_review,Manchester,operator,support,4,weekly,"The answer was good, but it took almost a day. The first booking was fine and the second one wasn't."
FB-000561,2025-10-21T15:16:00Z,remote_employee,interview_excerpt,Manchester,business_basic,general,5,weekly,The map and date search make last-minute booking easy. I noticed the same thing in another city.
FB-000562,2026-08-09T14:47:00Z,freelancer,interview_excerpt,Dubai,operator,support,2,monthly,"Support was helpful and solved the issue on the first reply. It worked the next time, but I still don't trust it."
FB-000563,2025-10-29T21:49:00Z,company_admin,account_team_note,Dubai,operator,booking_changes,3,first_time,We had to cancel the whole room because two attendees changed.
FB-000564,2026-05-24T11:42:00Z,freelancer,survey,Remote,business_basic,venue,3,monthly,The listing should say whether phone calls are allowed in the open area. Maybe this was specific to one venue.
FB-000565,2025-11-02T22:30:00Z,coworking_operator,survey,Karachi,business_basic,operator_tools,2,weekly,"Our local calendar showed the room blocked, but DeskNest still accepted a request. My colleague had a similar issue last week."
FB-000566,2025-09-13T02:42:00Z,remote_employee,support_ticket,Riyadh,individual,accounts,3,weekly,"It should be easier to separate personal receipts from work receipts. It worked the next time, but I still don't trust it."
FB-000567,2026-01-06T21:36:00Z,freelancer,account_team_note,London,operator,checkout,2,first_time,"The final total was correct, but the pricing breakdown could be easier to scan. My colleague had a similar issue last week."
FB-000568,2025-11-07T04:45:00Z,small_business,account_team_note,London,individual,support,4,weekly,The second agent didn't seem to have the context from my earlier message. My colleague had a similar issue last week.
FB-000569,2025-09-06T09:16:00Z,small_business,account_team_note,Manchester,business_basic,booking_changes,2,first_time,I couldn't see the cancellation rule until I went looking for it after booking. I noticed the same thing in another city.
FB-000570,2026-01-23T20:57:00Z,freelancer,interview_excerpt,Remote,business_basic,search,1,weekly,I wish the app remembered my usual filters.
FB-000571,2025-10-31T10:22:00Z,remote_employee,email_feedback,Islamabad,business_plus,search,1,occasional,The filters reset when I go back from a venue page.
FB-000572,2025-08-05T00:08:00Z,freelancer,in_app_feedback,Islamabad,business_plus,venue,5,monthly,The listing should say whether phone calls are allowed in the open area. I noticed the same thing in another city.
FB-000573,2026-06-22T02:54:00Z,small_business,in_app_feedback,Manchester,operator,availability,3,occasional,"DeskNest said the desk was open, but reception told me they had no space."
FB-000574,2026-03-27T17:13:00Z,remote_employee,account_team_note,Dubai,operator,support,4,first_time,"Support fixed it, but I had to explain the same booking problem twice. The first booking was fine and the second one wasn't."
FB-000575,2026-03-27T07:07:00Z,freelancer,email_feedback,Riyadh,business_plus,other,2,weekly,Please add dark mode.
FB-000576,2026-04-22T00:54:00Z,coworking_operator,survey,Karachi,operator,operator_tools,3,first_time,We need bulk inventory changes across several days.
FB-000577,2026-02-09T15:00:00Z,freelancer,interview_excerpt,Manchester,business_basic,search,2,weekly,"Search is quick, but comparing amenities across venues takes too long. Not a deal-breaker, just annoying."
FB-000578,2026-03-06T02:47:00Z,freelancer,app_review,Riyadh,business_basic,booking_changes,3,occasional,"We had to cancel the whole room because two attendees changed. It worked the next time, but I still don't trust it."
FB-000579,2026-05-01T11:38:00Z,remote_employee,account_team_note,Manchester,business_plus,support,2,occasional,"Support was helpful and solved the issue on the first reply. It worked the next time, but I still don't trust it."
FB-000580,2025-11-25T03:16:00Z,remote_employee,in_app_feedback,Manchester,business_basic,venue,5,monthly,Wi-Fi was excellent and the desk matched the listing.
FB-000581,2026-01-13T16:12:00Z,freelancer,survey,Manchester,operator,checkout,2,occasional,"The fee isn't huge, it just feels hidden until late in the process."
FB-000582,2026-02-27T21:47:00Z,small_business,account_team_note,Karachi,business_basic,other,4,occasional,The weather was terrible that day.
FB-000583,2025-12-21T03:23:00Z,remote_employee,in_app_feedback,Dubai,individual,search,2,weekly,I wish the app remembered my usual filters.
FB-000584,2025-10-22T01:46:00Z,remote_employee,survey,Remote,business_plus,accounts,3,weekly,"I want a clearer indicator when I'm booking under the company account. Not a deal-breaker, just annoying."
FB-000585,2026-02-16T07:34:00Z,freelancer,in_app_feedback,Manchester,business_basic,availability,3,weekly,"My booking existed, but the venue said their calendar had something different."
FB-000586,2025-09-20T10:22:00Z,freelancer,interview_excerpt,Remote,operator,search,3,weekly,I need a quiet-call filter because I keep opening listings one by one.
FB-000587,2026-04-21T20:40:00Z,small_business,email_feedback,Lahore,business_basic,availability,1,occasional,"My booking existed, but the venue said their calendar had something different."
FB-000588,2025-11-10T07:37:00Z,remote_employee,app_review,Remote,individual,availability,1,weekly,Availability looked fine online and the operator had already blocked the room. I noticed the same thing in another city.
FB-000589,2026-07-23T06:16:00Z,coworking_operator,survey,Remote,operator,operator_tools,2,weekly,I want a history of who changed the availability and when. I use DeskNest most weeks.
FB-000590,2025-11-02T20:08:00Z,freelancer,app_review,Dubai,business_plus,checkout,2,weekly,"The final total was correct, but the pricing breakdown could be easier to scan. This is the main reason I'd hesitate to book again."
FB-000591,2025-11-02T20:54:00Z,remote_employee,support_ticket,Dubai,individual,confirmation,2,monthly,I thought the booking failed because I didn't get a confirmation email. This mattered more because I was already late for a meeting.
FB-000592,2025-12-18T13:34:00Z,remote_employee,app_review,Dubai,business_plus,billing,2,occasional,"Our finance team needs one invoice for the whole month, not twenty separate receipts. Maybe this was specific to one venue."
FB-000593,2026-02-20T14:44:00Z,remote_employee,interview_excerpt,Dubai,operator,search,1,monthly,"Search is quick, but comparing amenities across venues takes too long. The first booking was fine and the second one wasn't."
FB-000594,2026-04-01T02:28:00Z,freelancer,survey,Remote,operator,checkout,2,weekly,"The fee isn't huge, it just feels hidden until late in the process. This is the main reason I'd hesitate to book again."
FB-000595,2026-02-02T12:19:00Z,freelancer,account_team_note,London,business_plus,confirmation,2,monthly,I thought the booking failed because I didn't get a confirmation email.
FB-000596,2025-12-22T11:38:00Z,coworking_operator,in_app_feedback,Lahore,operator,operator_tools,3,monthly,"The calendar is usable, but bulk close is still limited for some inventory."
FB-000597,2026-02-16T23:06:00Z,small_business,survey,Remote,operator,confirmation,2,first_time,I thought the booking failed because I didn't get a confirmation email. I noticed the same thing in another city.
FB-000598,2026-03-18T06:45:00Z,small_business,in_app_feedback,London,business_basic,availability,2,monthly,"The space disappeared between search and checkout, which was frustrating. This happened twice this month."
FB-000599,2026-06-21T20:19:00Z,freelancer,interview_excerpt,Dubai,business_basic,confirmation,2,first_time,I received two confirmation emails for the same booking. This happened twice this month.
FB-000600,2026-03-26T00:17:00Z,coworking_operator,account_team_note,Manchester,business_plus,operator_tools,3,monthly,"Our local calendar showed the room blocked, but DeskNest still accepted a request. Support eventually sorted it out."
FB-000601,2026-01-06T05:02:00Z,coworking_operator,account_team_note,Karachi,individual,operator_tools,2,weekly,I need clearer confirmation that an inventory block actually saved.
FB-000602,2026-01-25T12:10:00Z,small_business,app_review,Islamabad,business_basic,billing,2,occasional,"Our finance team needs one invoice for the whole month, not twenty separate receipts."
FB-000603,2025-09-26T11:09:00Z,freelancer,support_ticket,Islamabad,business_basic,venue,3,first_time,The room was smaller than it looked in the photos.
FB-000604,2026-06-20T05:23:00Z,small_business,survey,Karachi,operator,support,2,first_time,I wish support could see the earlier refund conversation without asking again.
FB-000605,2026-07-23T04:09:00Z,freelancer,interview_excerpt,Islamabad,individual,support,4,monthly,"The answer was good, but it took almost a day. My colleague had a similar issue last week."
FB-000606,2025-12-11T05:04:00Z,small_business,survey,Islamabad,individual,accounts,3,first_time,Switching between my personal bookings and company bookings is confusing. This mattered more because I was already late for a meeting.
FB-000607,2026-01-25T10:42:00Z,company_admin,support_ticket,Dubai,individual,booking_changes,1,weekly,We had to cancel the whole room because two attendees changed.
FB-000608,2026-04-02T20:37:00Z,freelancer,interview_excerpt,Lahore,business_plus,confirmation,1,first_time,I thought the booking failed because I didn't get a confirmation email.
FB-000609,2025-09-02T09:46:00Z,remote_employee,support_ticket,London,operator,accounts,3,first_time,I want a clearer indicator when I'm booking under the company account. The first booking was fine and the second one wasn't.
FB-000610,2026-05-02T18:35:00Z,remote_employee,app_review,Dubai,business_basic,confirmation,2,monthly,I thought the booking failed because I didn't get a confirmation email. The first booking was fine and the second one wasn't.
FB-000611,2026-03-31T10:14:00Z,coworking_operator,support_ticket,London,individual,support,2,weekly,I had three channels open for the same issue and wasn't sure which one was current. My colleague had a similar issue last week.
FB-000612,2026-03-29T14:12:00Z,remote_employee,account_team_note,Karachi,individual,venue,5,first_time,The monitor in the photos wasn't available at my desk.
FB-000613,2025-11-26T06:00:00Z,freelancer,account_team_note,Remote,individual,checkout,2,first_time,"The final total was correct, but the pricing breakdown could be easier to scan."
FB-000614,2025-11-23T02:07:00Z,small_business,account_team_note,Remote,business_plus,availability,1,weekly,"The app showed a room available, but the venue said it was already booked. This happened twice this month."
FB-000615,2026-07-13T14:25:00Z,coworking_operator,interview_excerpt,Dubai,operator,availability,2,weekly,"DeskNest said the desk was open, but reception told me they had no space. Support eventually sorted it out."
FB-000616,2025-11-08T11:15:00Z,coworking_operator,app_review,Remote,individual,general,4,monthly,Our team booked a room for eight people without needing support. The first booking was fine and the second one wasn't.
FB-000617,2026-02-08T20:30:00Z,coworking_operator,interview_excerpt,Manchester,business_plus,support,4,weekly,I had three channels open for the same issue and wasn't sure which one was current.
FB-000618,2025-12-08T14:59:00Z,coworking_operator,app_review,Karachi,operator,general,5,monthly,The booking flow is fast when I already know the area. Our team has around eight people.
FB-000619,2026-05-12T17:41:00Z,freelancer,support_ticket,Lahore,business_basic,availability,2,occasional,Availability looked fine online and the operator had already blocked the room.
FB-000620,2025-09-07T22:14:00Z,freelancer,support_ticket,Riyadh,individual,checkout,2,first_time,"It would help to show an all-in price in search results. It worked the next time, but I still don't trust it."
FB-000621,2026-03-24T06:17:00Z,small_business,interview_excerpt,Manchester,business_basic,booking_changes,2,occasional,"It's not clear which bookings can be changed directly. Not a deal-breaker, just annoying."
FB-000622,2026-04-22T23:52:00Z,coworking_operator,in_app_feedback,Remote,business_plus,operator_tools,1,occasional,"Our local calendar showed the room blocked, but DeskNest still accepted a request. This is the main reason I'd hesitate to book again."
FB-000623,2026-04-01T17:40:00Z,remote_employee,in_app_feedback,Riyadh,business_basic,general,4,weekly,Our team booked a room for eight people without needing support.
FB-000624,2025-08-24T01:53:00Z,small_business,email_feedback,Remote,business_basic,billing,1,occasional,We spend too much time downloading one document per booking.
FB-000625,2025-12-10T23:13:00Z,remote_employee,app_review,Dubai,business_plus,confirmation,3,first_time,The app said pending for a few minutes even though the payment went through. I use DeskNest most weeks.
FB-000626,2025-11-28T12:13:00Z,freelancer,interview_excerpt,Remote,business_basic,confirmation,2,weekly,The app said pending for a few minutes even though the payment went through. I noticed the same thing in another city.
FB-000627,2025-10-10T18:32:00Z,freelancer,in_app_feedback,Riyadh,individual,venue,3,weekly,The listing should say whether phone calls are allowed in the open area.
FB-000628,2026-05-29T14:03:00Z,freelancer,in_app_feedback,Remote,individual,support,4,weekly,Support was helpful and solved the issue on the first reply. This is the main reason I'd hesitate to book again.
FB-000629,2025-09-09T07:17:00Z,freelancer,interview_excerpt,Riyadh,operator,venue,5,first_time,"Reception was helpful, but the access instructions in the app were outdated. I use DeskNest most weeks."
FB-000630,2025-10-26T12:38:00Z,small_business,account_team_note,Dubai,operator,booking_changes,2,weekly,We had to cancel the whole room because two attendees changed. This happened twice this month.
FB-000631,2025-08-02T21:31:00Z,remote_employee,in_app_feedback,Remote,individual,booking_changes,1,first_time,I couldn't see the cancellation rule until I went looking for it after booking. Support eventually sorted it out.
FB-000632,2026-07-15T18:34:00Z,coworking_operator,survey,Manchester,operator,operator_tools,2,monthly,"Our local calendar showed the room blocked, but DeskNest still accepted a request."
FB-000633,2025-09-29T02:03:00Z,coworking_operator,email_feedback,Dubai,operator,venue,3,occasional,Wi-Fi was excellent and the desk matched the listing. This happened twice this month.
FB-000634,2025-09-24T01:38:00Z,freelancer,support_ticket,Dubai,individual,accounts,2,weekly,It should be easier to separate personal receipts from work receipts. This is the main reason I'd hesitate to book again.
FB-000635,2025-10-23T15:44:00Z,remote_employee,in_app_feedback,London,operator,search,1,occasional,I wish the app remembered my usual filters.
FB-000636,2025-08-26T22:21:00Z,freelancer,interview_excerpt,Riyadh,business_basic,confirmation,1,first_time,The app said pending for a few minutes even though the payment went through. The first booking was fine and the second one wasn't.
FB-000637,2026-03-31T23:54:00Z,remote_employee,app_review,Riyadh,operator,search,2,weekly,The filters reset when I go back from a venue page. This mattered more because I was already late for a meeting.
FB-000638,2025-10-02T00:24:00Z,remote_employee,in_app_feedback,Lahore,business_plus,confirmation,3,weekly,I thought the booking failed because I didn't get a confirmation email. The first booking was fine and the second one wasn't.
FB-000639,2025-11-30T14:06:00Z,remote_employee,in_app_feedback,Karachi,individual,billing,3,first_time,Our office manager wants one place to see all team booking charges.
FB-000640,2025-12-19T22:12:00Z,small_business,in_app_feedback,London,operator,billing,2,monthly,"We spend too much time downloading one document per booking. Not a deal-breaker, just annoying."
FB-000641,2025-11-01T15:29:00Z,freelancer,account_team_note,Dubai,operator,confirmation,2,monthly,The app said pending for a few minutes even though the payment went through.
FB-000642,2026-05-25T23:47:00Z,small_business,email_feedback,Karachi,business_plus,support,2,weekly,The second agent didn't seem to have the context from my earlier message. This is the main reason I'd hesitate to book again.
FB-000643,2025-08-03T14:18:00Z,small_business,interview_excerpt,Islamabad,operator,checkout,2,occasional,It would help to show an all-in price in search results.
FB-000644,2026-03-05T12:07:00Z,coworking_operator,account_team_note,Manchester,business_basic,operator_tools,2,occasional,We had a customer arrive after we thought the room was closed online. Support eventually sorted it out.
FB-000645,2026-07-25T16:35:00Z,company_admin,account_team_note,Islamabad,individual,booking_changes,2,weekly,We had to cancel the whole room because two attendees changed. This is the main reason I'd hesitate to book again.
FB-000646,2026-04-12T07:52:00Z,small_business,support_ticket,Lahore,operator,billing,3,occasional,Our office manager wants one place to see all team booking charges. My colleague had a similar issue last week.
FB-000647,2025-11-08T03:47:00Z,company_admin,email_feedback,Riyadh,business_plus,confirmation,3,monthly,I received two confirmation emails for the same booking. The first booking was fine and the second one wasn't.
FB-000648,2026-06-19T06:20:00Z,remote_employee,email_feedback,London,operator,support,3,first_time,"Support fixed it, but I had to explain the same booking problem twice. I use DeskNest most weeks."
FB-000649,2026-05-23T13:03:00Z,small_business,support_ticket,Lahore,individual,venue,2,first_time,The monitor in the photos wasn't available at my desk. This is the main reason I'd hesitate to book again.
FB-000650,2025-10-28T19:01:00Z,freelancer,interview_excerpt,Dubai,business_basic,availability,1,weekly,"The app showed a room available, but the venue said it was already booked. Maybe this was specific to one venue."
FB-000651,2025-09-02T22:19:00Z,freelancer,interview_excerpt,Remote,operator,search,1,occasional,"Search is quick, but comparing amenities across venues takes too long. I noticed the same thing in another city."
FB-000652,2026-05-10T10:52:00Z,coworking_operator,in_app_feedback,Riyadh,operator,operator_tools,3,weekly,"I want a history of who changed the availability and when. It worked the next time, but I still don't trust it."
FB-000653,2026-04-23T20:08:00Z,small_business,interview_excerpt,Islamabad,business_basic,accounts,1,weekly,"Switching between my personal bookings and company bookings is confusing. Not a deal-breaker, just annoying."
FB-000654,2025-08-29T06:18:00Z,company_admin,app_review,Manchester,business_basic,booking_changes,2,first_time,We had to cancel the whole room because two attendees changed. My colleague had a similar issue last week.
FB-000655,2025-11-11T20:36:00Z,freelancer,email_feedback,Dubai,business_basic,support,2,occasional,"I had three channels open for the same issue and wasn't sure which one was current. Not a deal-breaker, just annoying."
FB-000656,2025-12-28T02:56:00Z,small_business,email_feedback,Karachi,individual,availability,2,monthly,"My booking existed, but the venue said their calendar had something different. I noticed the same thing in another city."
FB-000657,2026-03-25T12:11:00Z,coworking_operator,in_app_feedback,Riyadh,individual,booking_changes,1,first_time,"For a team booking, changing one detail feels like rebuilding the whole thing."
FB-000658,2026-05-25T07:25:00Z,freelancer,survey,Lahore,business_plus,venue,4,monthly,"Reception was helpful, but the access instructions in the app were outdated."
FB-000659,2026-06-17T23:40:00Z,freelancer,support_ticket,Riyadh,operator,search,2,occasional,"I want to filter for desks with an external monitor, not just venues that have monitors somewhere."
FB-000660,2026-07-17T01:35:00Z,small_business,survey,Dubai,individual,checkout,1,first_time,"I don't mind paying the fee, but I want to see it earlier. Not a deal-breaker, just annoying."
FB-000661,2026-03-12T13:54:00Z,small_business,email_feedback,Karachi,business_plus,venue,3,monthly,The monitor in the photos wasn't available at my desk. Our team has around eight people.
FB-000662,2025-10-18T09:39:00Z,company_admin,app_review,Islamabad,operator,search,1,first_time,I wish the app remembered my usual filters. Our team has around eight people.
FB-000663,2025-10-16T06:38:00Z,freelancer,email_feedback,London,business_plus,refunds,2,occasional,"Support said the refund was sent, but I couldn't see it yet."
FB-000664,2025-09-27T10:58:00Z,freelancer,email_feedback,Manchester,business_plus,search,1,first_time,I need a quiet-call filter because I keep opening listings one by one. I use DeskNest most weeks.
FB-000665,2026-04-10T05:49:00Z,small_business,account_team_note,Riyadh,business_basic,search,2,weekly,"I want to filter for desks with an external monitor, not just venues that have monitors somewhere. I use DeskNest most weeks."
FB-000666,2026-04-06T03:21:00Z,freelancer,account_team_note,London,individual,other,2,weekly,The weather was terrible that day.
FB-000667,2025-08-22T07:33:00Z,company_admin,account_team_note,Karachi,business_basic,confirmation,1,weekly,I need faster confirmation because I usually book on the way to a meeting. This mattered more because I was already late for a meeting.
FB-000668,2026-04-12T09:40:00Z,freelancer,account_team_note,Riyadh,business_plus,confirmation,1,occasional,I booked again because the first confirmation never showed up in my inbox.
FB-000669,2025-12-02T00:56:00Z,small_business,in_app_feedback,London,business_plus,accounts,1,first_time,Switching between my personal bookings and company bookings is confusing. This happened twice this month.
FB-000670,2026-04-26T22:06:00Z,freelancer,email_feedback,Riyadh,business_plus,venue,5,occasional,Wi-Fi was excellent and the desk matched the listing. This is the main reason I'd hesitate to book again.
FB-000671,2026-07-06T16:45:00Z,coworking_operator,support_ticket,Riyadh,operator,operator_tools,2,first_time,I want a history of who changed the availability and when. Support eventually sorted it out.
FB-000672,2025-08-17T04:17:00Z,remote_employee,app_review,Dubai,business_basic,search,1,occasional,I need a quiet-call filter because I keep opening listings one by one. Maybe this was specific to one venue.
FB-000673,2025-09-15T18:04:00Z,remote_employee,app_review,Dubai,business_plus,search,3,first_time,"Search is quick, but comparing amenities across venues takes too long. This is the main reason I'd hesitate to book again."
FB-000674,2025-11-20T06:43:00Z,company_admin,support_ticket,Riyadh,business_plus,refunds,3,first_time,I wasn't sure whether the refund was partial or still pending.
FB-000675,2026-01-17T12:04:00Z,coworking_operator,email_feedback,Riyadh,individual,operator_tools,1,occasional,"When we have maintenance, updating every desk separately is painful."
FB-000676,2026-08-01T08:31:00Z,remote_employee,in_app_feedback,Riyadh,business_basic,refunds,2,first_time,I wasn't sure whether the refund was partial or still pending.
FB-000677,2026-01-08T15:53:00Z,small_business,survey,Islamabad,individual,confirmation,1,occasional,The booking was confirmed in the app but the email came twenty minutes later. I mostly book same-day.
FB-000678,2025-08-10T07:54:00Z,remote_employee,account_team_note,Manchester,business_basic,support,3,monthly,Support was helpful and solved the issue on the first reply.
FB-000679,2026-04-11T04:28:00Z,small_business,survey,Karachi,business_basic,search,3,weekly,"I want to filter for desks with an external monitor, not just venues that have monitors somewhere. This mattered more because I was already late for a meeting."
FB-000680,2025-12-29T19:00:00Z,company_admin,account_team_note,Karachi,business_plus,general,5,occasional,Our team booked a room for eight people without needing support.
FB-000681,2026-02-07T02:26:00Z,small_business,account_team_note,Islamabad,business_plus,availability,2,first_time,Availability looked fine online and the operator had already blocked the room. The first booking was fine and the second one wasn't.
FB-000682,2026-06-22T08:08:00Z,company_admin,in_app_feedback,Lahore,individual,checkout,1,weekly,The service fee should be clearer before the final checkout screen.
FB-000683,2025-11-10T22:33:00Z,freelancer,email_feedback,Riyadh,individual,venue,2,weekly,The space was much noisier than the listing made it sound. Support eventually sorted it out.
FB-000684,2026-04-28T19:13:00Z,freelancer,support_ticket,Dubai,business_plus,checkout,2,first_time,"The final total was correct, but the pricing breakdown could be easier to scan. The first booking was fine and the second one wasn't."
FB-000685,2026-07-25T19:21:00Z,remote_employee,survey,Islamabad,individual,billing,1,monthly,Our office manager wants one place to see all team booking charges. My colleague had a similar issue last week.
FB-000686,2025-12-17T09:53:00Z,remote_employee,support_ticket,Lahore,business_basic,billing,2,monthly,"Our finance team needs one invoice for the whole month, not twenty separate receipts."
FB-000687,2026-06-29T23:26:00Z,freelancer,interview_excerpt,Remote,business_basic,availability,2,monthly,"DeskNest said the desk was open, but reception told me they had no space. Maybe this was specific to one venue."
FB-000688,2026-01-11T05:04:00Z,small_business,account_team_note,Islamabad,individual,other,4,occasional,I accidentally gave the wrong rating.
FB-000689,2026-07-09T00:19:00Z,coworking_operator,support_ticket,Remote,business_basic,operator_tools,2,occasional,We need bulk inventory changes across several days. This mattered more because I was already late for a meeting.
FB-000690,2025-10-03T14:20:00Z,small_business,survey,Karachi,business_basic,accounts,2,monthly,I want a clearer indicator when I'm booking under the company account. I use DeskNest most weeks.
FB-000691,2026-01-10T12:24:00Z,small_business,support_ticket,London,individual,booking_changes,2,occasional,"For a team booking, changing one detail feels like rebuilding the whole thing. I use DeskNest most weeks."
FB-000692,2026-07-05T14:22:00Z,small_business,interview_excerpt,Remote,business_basic,billing,3,monthly,The billing address was wrong and I couldn't correct it myself after booking. This mattered more because I was already late for a meeting.
FB-000693,2026-05-02T11:37:00Z,remote_employee,app_review,Manchester,business_plus,refunds,3,occasional,"The cancellation went through quickly, but the money took longer. This is the main reason I'd hesitate to book again."
FB-000694,2025-12-25T01:11:00Z,small_business,account_team_note,Lahore,operator,checkout,1,first_time,It would help to show an all-in price in search results.
FB-000695,2026-03-08T02:00:00Z,company_admin,account_team_note,Dubai,operator,confirmation,1,occasional,I need faster confirmation because I usually book on the way to a meeting.
FB-000696,2026-04-09T14:29:00Z,small_business,support_ticket,Manchester,individual,search,3,first_time,"I want to filter for desks with an external monitor, not just venues that have monitors somewhere. My colleague had a similar issue last week."
FB-000697,2025-10-25T23:09:00Z,freelancer,app_review,Islamabad,business_plus,availability,1,monthly,"DeskNest said the desk was open, but reception told me they had no space. I mostly book same-day."
FB-000698,2025-08-01T06:10:00Z,remote_employee,interview_excerpt,Lahore,business_plus,accounts,3,weekly,Our employees keep asking which payment method will be charged. This mattered more because I was already late for a meeting.
FB-000699,2025-10-18T09:34:00Z,small_business,interview_excerpt,Karachi,business_basic,checkout,1,occasional,"I don't mind paying the fee, but I want to see it earlier. This is the main reason I'd hesitate to book again."
FB-000700,2026-07-24T09:17:00Z,remote_employee,interview_excerpt,Islamabad,business_plus,search,2,monthly,"Search is quick, but comparing amenities across venues takes too long. Our team has around eight people."
FB-000701,2025-10-08T23:25:00Z,freelancer,support_ticket,Dubai,business_plus,general,4,weekly,The map and date search make last-minute booking easy. This is the main reason I'd hesitate to book again.
FB-000702,2026-06-20T03:18:00Z,freelancer,survey,Lahore,individual,checkout,2,weekly,"The total changed enough at checkout that I went back to compare venues. It worked the next time, but I still don't trust it."
FB-000703,2025-09-05T17:02:00Z,freelancer,survey,Lahore,business_basic,other,3,weekly,"Not sure yet, I only used it once."
FB-000704,2025-10-14T16:12:00Z,freelancer,app_review,Lahore,operator,other,2,weekly,I accidentally gave the wrong rating.
FB-000705,2026-02-08T19:36:00Z,freelancer,app_review,Dubai,business_basic,venue,4,first_time,The room was smaller than it looked in the photos. I noticed the same thing in another city.
FB-000706,2026-04-11T09:41:00Z,small_business,account_team_note,Lahore,operator,support,3,weekly,"The agent was quick, but I had already sent the booking ID in the first message."
FB-000707,2025-08-04T21:36:00Z,remote_employee,app_review,Karachi,business_basic,confirmation,2,occasional,I received two confirmation emails for the same booking.
FB-000708,2026-05-18T22:15:00Z,freelancer,in_app_feedback,Karachi,operator,confirmation,2,occasional,The booking was confirmed in the app but the email came twenty minutes later. I noticed the same thing in another city.
FB-000709,2026-02-22T11:47:00Z,freelancer,support_ticket,Riyadh,business_basic,other,2,first_time,"Not sure yet, I only used it once."
FB-000710,2025-10-16T11:00:00Z,coworking_operator,app_review,London,business_basic,operator_tools,3,occasional,"The calendar is usable, but bulk close is still limited for some inventory. Our team has around eight people."
FB-000711,2026-01-08T08:41:00Z,company_admin,email_feedback,Islamabad,business_basic,accounts,2,weekly,"It should be easier to separate personal receipts from work receipts. It worked the next time, but I still don't trust it."
FB-000712,2026-01-22T06:50:00Z,remote_employee,support_ticket,Remote,business_basic,search,3,weekly,"I want to filter for desks with an external monitor, not just venues that have monitors somewhere. This is the main reason I'd hesitate to book again."
FB-000713,2025-09-23T23:42:00Z,freelancer,support_ticket,London,operator,venue,4,first_time,The space was much noisier than the listing made it sound.
FB-000714,2026-02-14T10:14:00Z,freelancer,account_team_note,Remote,individual,confirmation,2,occasional,The app said pending for a few minutes even though the payment went through. The first booking was fine and the second one wasn't.
FB-000715,2026-01-31T19:17:00Z,remote_employee,email_feedback,Manchester,individual,venue,4,weekly,The monitor in the photos wasn't available at my desk. My colleague had a similar issue last week.
FB-000716,2026-03-28T14:33:00Z,small_business,interview_excerpt,Lahore,business_basic,availability,2,weekly,I don't trust the availability anymore because the same thing happened twice. I mostly book same-day.
FB-000717,2026-02-23T21:36:00Z,company_admin,survey,Islamabad,operator,billing,2,occasional,"We spend too much time downloading one document per booking. Not a deal-breaker, just annoying."
FB-000718,2026-03-26T12:19:00Z,freelancer,email_feedback,Remote,business_basic,availability,2,weekly,"The app showed a room available, but the venue said it was already booked. This happened twice this month."
FB-000719,2025-12-20T19:19:00Z,small_business,email_feedback,London,individual,confirmation,2,monthly,I thought the booking failed because I didn't get a confirmation email.
FB-000720,2026-03-28T15:53:00Z,freelancer,email_feedback,London,business_basic,availability,2,first_time,"DeskNest said the desk was open, but reception told me they had no space. Maybe this was specific to one venue."
FB-000721,2026-01-10T11:51:00Z,company_admin,account_team_note,London,individual,accounts,1,first_time,I want a clearer indicator when I'm booking under the company account. Our team has around eight people.
FB-000722,2025-08-14T11:24:00Z,company_admin,in_app_feedback,Dubai,operator,general,4,first_time,The map and date search make last-minute booking easy.
FB-000723,2026-03-03T08:03:00Z,remote_employee,app_review,Manchester,individual,other,5,weekly,I accidentally gave the wrong rating.
FB-000724,2025-10-24T22:04:00Z,coworking_operator,interview_excerpt,Dubai,operator,availability,2,first_time,"DeskNest said the desk was open, but reception told me they had no space. My colleague had a similar issue last week."
FB-000725,2025-11-11T13:07:00Z,small_business,email_feedback,Manchester,individual,booking_changes,1,monthly,"The refund was correct, but the rescheduling flow took too many steps."
FB-000726,2025-09-15T10:40:00Z,freelancer,support_ticket,Lahore,business_plus,refunds,3,occasional,I wasn't sure whether the refund was partial or still pending.
FB-000727,2026-03-30T00:31:00Z,small_business,support_ticket,Riyadh,business_plus,confirmation,1,occasional,I thought the booking failed because I didn't get a confirmation email.
FB-000728,2026-01-20T18:44:00Z,remote_employee,app_review,Lahore,business_plus,search,2,monthly,"I can find a desk, but it's hard to tell which ones allow calls. This mattered more because I was already late for a meeting."
FB-000729,2026-03-11T21:22:00Z,coworking_operator,account_team_note,Remote,individual,operator_tools,2,weekly,I need clearer confirmation that an inventory block actually saved. The first booking was fine and the second one wasn't.
FB-000730,2026-05-24T00:26:00Z,small_business,interview_excerpt,Riyadh,business_plus,general,5,weekly,The operator dashboard is much easier than our old spreadsheet.
FB-000731,2026-01-19T15:38:00Z,freelancer,survey,Islamabad,individual,venue,4,weekly,The space was much noisier than the listing made it sound. My colleague had a similar issue last week.
FB-000732,2026-06-02T11:17:00Z,freelancer,account_team_note,Islamabad,operator,search,3,monthly,"I can find a desk, but it's hard to tell which ones allow calls."
FB-000733,2025-12-22T20:43:00Z,remote_employee,interview_excerpt,London,business_basic,support,2,first_time,I wish support could see the earlier refund conversation without asking again. I noticed the same thing in another city.
FB-000734,2025-10-07T04:48:00Z,coworking_operator,support_ticket,Dubai,business_basic,support,4,monthly,Support was helpful and solved the issue on the first reply. My colleague had a similar issue last week.
FB-000735,2025-09-30T08:26:00Z,freelancer,in_app_feedback,Islamabad,operator,checkout,2,first_time,The workspace price looked good until the extra fee appeared.
FB-000736,2025-08-31T16:23:00Z,remote_employee,email_feedback,Lahore,business_basic,refunds,2,weekly,I want the app to show where the refund is in the process.
FB-000737,2026-05-02T06:39:00Z,coworking_operator,support_ticket,London,individual,operator_tools,3,weekly,We had a customer arrive after we thought the room was closed online. I noticed the same thing in another city.
FB-000738,2026-03-03T00:29:00Z,coworking_operator,survey,Islamabad,business_plus,general,5,weekly,"The operator dashboard is much easier than our old spreadsheet. Not a deal-breaker, just annoying."
FB-000739,2025-11-18T08:58:00Z,small_business,account_team_note,Lahore,operator,confirmation,2,weekly,The app said pending for a few minutes even though the payment went through. My colleague had a similar issue last week.
FB-000740,2026-04-03T15:37:00Z,company_admin,support_ticket,Lahore,operator,billing,3,first_time,Our office manager wants one place to see all team booking charges.
FB-000741,2025-11-27T08:05:00Z,small_business,survey,Manchester,business_basic,billing,3,monthly,I need the company name and tax details on the invoice. This is the main reason I'd hesitate to book again.
FB-000742,2025-08-06T09:09:00Z,company_admin,email_feedback,London,operator,support,2,weekly,"The answer was good, but it took almost a day."
FB-000743,2026-03-30T14:41:00Z,small_business,email_feedback,Islamabad,individual,search,1,weekly,The neighborhood filter is too broad for where I actually need to work. This mattered more because I was already late for a meeting.
FB-000744,2026-07-18T02:51:00Z,remote_employee,in_app_feedback,Riyadh,individual,search,3,weekly,The neighborhood filter is too broad for where I actually need to work. I mostly book same-day.
FB-000745,2026-07-27T02:56:00Z,freelancer,account_team_note,London,business_plus,booking_changes,2,weekly,I couldn't see the cancellation rule until I went looking for it after booking. This happened twice this month.
FB-000746,2026-05-09T07:17:00Z,remote_employee,interview_excerpt,Manchester,business_basic,confirmation,2,first_time,"The push notification arrived right away, but email was delayed. I noticed the same thing in another city."
FB-000747,2026-08-06T02:13:00Z,freelancer,support_ticket,Remote,individual,availability,3,monthly,"The space disappeared between search and checkout, which was frustrating."
FB-000748,2026-02-22T01:02:00Z,company_admin,account_team_note,London,business_plus,booking_changes,2,weekly,Changing the booking time should be easier than cancelling and starting again. This happened twice this month.
FB-000749,2025-11-20T20:27:00Z,small_business,survey,Remote,business_plus,availability,2,monthly,"The app showed a room available, but the venue said it was already booked. I noticed the same thing in another city."
FB-000750,2026-05-29T02:42:00Z,small_business,survey,Lahore,business_plus,checkout,2,first_time,"The fee isn't huge, it just feels hidden until late in the process."
FB-000751,2026-07-10T19:29:00Z,remote_employee,email_feedback,Karachi,operator,venue,4,monthly,"Reception was helpful, but the access instructions in the app were outdated."
FB-000752,2026-02-01T16:53:00Z,small_business,account_team_note,Islamabad,business_plus,checkout,3,first_time,The workspace price looked good until the extra fee appeared. I noticed the same thing in another city.
FB-000753,2026-03-30T11:19:00Z,freelancer,app_review,Karachi,business_plus,general,5,occasional,The map and date search make last-minute booking easy.
FB-000754,2026-05-03T01:28:00Z,freelancer,app_review,Manchester,operator,search,3,first_time,The filters reset when I go back from a venue page. My colleague had a similar issue last week.
FB-000755,2026-06-23T17:05:00Z,remote_employee,support_ticket,Karachi,business_basic,confirmation,1,monthly,I received two confirmation emails for the same booking. Maybe this was specific to one venue.
FB-000756,2026-03-14T23:54:00Z,small_business,account_team_note,Manchester,operator,billing,2,weekly,"Our finance team needs one invoice for the whole month, not twenty separate receipts. Maybe this was specific to one venue."
FB-000757,2026-03-28T05:00:00Z,freelancer,email_feedback,London,individual,refunds,3,weekly,"Support said the refund was sent, but I couldn't see it yet. Not a deal-breaker, just annoying."
FB-000758,2026-02-28T13:13:00Z,freelancer,in_app_feedback,Manchester,business_plus,refunds,2,monthly,I wasn't sure whether the refund was partial or still pending. Our team has around eight people.
FB-000759,2026-02-22T13:44:00Z,small_business,app_review,Lahore,individual,accounts,3,first_time,I accidentally used my personal card for a work booking. This is the main reason I'd hesitate to book again.
FB-000760,2025-11-06T20:47:00Z,small_business,survey,London,operator,venue,2,monthly,"The monitor in the photos wasn't available at my desk. Not a deal-breaker, just annoying."
FB-000761,2026-07-22T18:47:00Z,freelancer,support_ticket,London,business_plus,venue,5,weekly,The monitor in the photos wasn't available at my desk. My colleague had a similar issue last week.
FB-000762,2026-05-12T20:34:00Z,remote_employee,interview_excerpt,Remote,operator,search,2,weekly,I wish the app remembered my usual filters.
FB-000763,2026-05-21T05:29:00Z,coworking_operator,app_review,London,business_basic,other,2,weekly,I accidentally gave the wrong rating.
FB-000764,2026-01-31T16:50:00Z,freelancer,email_feedback,Lahore,business_plus,support,3,first_time,"The answer was good, but it took almost a day. The first booking was fine and the second one wasn't."
FB-000765,2026-08-04T12:07:00Z,small_business,survey,Islamabad,business_basic,venue,2,first_time,The listing should say whether phone calls are allowed in the open area. The first booking was fine and the second one wasn't.
FB-000766,2025-08-29T18:19:00Z,remote_employee,survey,Dubai,business_basic,refunds,3,occasional,I want the app to show where the refund is in the process.
FB-000767,2026-03-28T02:25:00Z,small_business,support_ticket,Dubai,operator,checkout,2,monthly,"The final total was correct, but the pricing breakdown could be easier to scan. The first booking was fine and the second one wasn't."
FB-000768,2025-11-06T00:37:00Z,company_admin,app_review,Islamabad,business_plus,booking_changes,1,first_time,I want to move a booking to another time without losing the room. Our team has around eight people.
FB-000769,2025-12-10T18:54:00Z,remote_employee,in_app_feedback,Remote,business_basic,booking_changes,2,monthly,"For a team booking, changing one detail feels like rebuilding the whole thing. This is the main reason I'd hesitate to book again."
FB-000770,2026-02-09T01:52:00Z,freelancer,account_team_note,Karachi,individual,venue,2,occasional,The space was much noisier than the listing made it sound.
FB-000771,2025-09-10T19:00:00Z,company_admin,app_review,Lahore,individual,billing,2,occasional,"The receipt works for me personally, but not for our accounts team."
FB-000772,2025-08-20T08:00:00Z,remote_employee,account_team_note,Manchester,business_plus,availability,2,monthly,Availability looked fine online and the operator had already blocked the room. The first booking was fine and the second one wasn't.
FB-000773,2026-03-21T21:17:00Z,remote_employee,email_feedback,London,individual,support,3,occasional,"Support fixed it, but I had to explain the same booking problem twice. It worked the next time, but I still don't trust it."
FB-000774,2025-12-12T06:16:00Z,freelancer,app_review,London,business_basic,availability,2,occasional,Availability looked fine online and the operator had already blocked the room. Support eventually sorted it out.
FB-000775,2026-03-29T17:07:00Z,freelancer,support_ticket,Riyadh,business_plus,refunds,1,first_time,"The bank delay is understandable, but the status in DeskNest is too vague. Support eventually sorted it out."
FB-000776,2026-03-01T06:14:00Z,freelancer,email_feedback,Lahore,business_basic,support,3,first_time,I had three channels open for the same issue and wasn't sure which one was current. This happened twice this month.
FB-000777,2025-08-16T10:16:00Z,small_business,app_review,Karachi,business_basic,billing,2,occasional,"Our finance team needs one invoice for the whole month, not twenty separate receipts. Not a deal-breaker, just annoying."
FB-000778,2026-06-25T02:28:00Z,freelancer,survey,Remote,business_basic,search,3,occasional,"Search is quick, but comparing amenities across venues takes too long. I mostly book same-day."
FB-000779,2025-11-05T04:05:00Z,company_admin,email_feedback,Riyadh,business_plus,support,4,occasional,I had three channels open for the same issue and wasn't sure which one was current. Support eventually sorted it out.
FB-000780,2026-04-11T18:32:00Z,freelancer,survey,Islamabad,individual,checkout,3,occasional,"The fee isn't huge, it just feels hidden until late in the process."
FB-000781,2026-06-19T00:30:00Z,freelancer,support_ticket,Remote,business_basic,checkout,3,monthly,"The fee isn't huge, it just feels hidden until late in the process. It worked the next time, but I still don't trust it."
FB-000782,2026-04-30T10:46:00Z,freelancer,survey,London,business_basic,availability,2,weekly,I had a confirmed booking and there wasn't actually a free room when I arrived. I use DeskNest most weeks.
FB-000783,2026-03-21T04:47:00Z,remote_employee,survey,Remote,business_plus,search,1,occasional,"I want to filter for desks with an external monitor, not just venues that have monitors somewhere."
FB-000784,2026-06-05T00:01:00Z,freelancer,survey,Lahore,individual,booking_changes,3,monthly,"For a team booking, changing one detail feels like rebuilding the whole thing. Our team has around eight people."
FB-000785,2025-12-24T05:29:00Z,remote_employee,app_review,Manchester,business_plus,refunds,1,weekly,I wasn't sure whether the refund was partial or still pending. Maybe this was specific to one venue.
FB-000786,2026-07-11T06:38:00Z,remote_employee,support_ticket,Karachi,business_basic,accounts,2,first_time,Our employees keep asking which payment method will be charged. This is the main reason I'd hesitate to book again.
FB-000787,2026-06-23T22:20:00Z,remote_employee,interview_excerpt,Remote,operator,accounts,2,monthly,It should be easier to separate personal receipts from work receipts. This is the main reason I'd hesitate to book again.
FB-000788,2025-08-15T00:37:00Z,freelancer,app_review,Karachi,operator,search,3,monthly,I need a quiet-call filter because I keep opening listings one by one. This mattered more because I was already late for a meeting.
FB-000789,2025-10-08T15:07:00Z,remote_employee,survey,Manchester,business_basic,accounts,2,occasional,"I like having both accounts, I just want the switch to be more obvious."
FB-000790,2026-05-23T20:28:00Z,remote_employee,survey,Karachi,business_basic,availability,3,first_time,"DeskNest said the desk was open, but reception told me they had no space. It worked the next time, but I still don't trust it."
FB-000791,2026-03-05T11:58:00Z,small_business,interview_excerpt,Dubai,business_plus,billing,1,weekly,"Our finance team needs one invoice for the whole month, not twenty separate receipts. The first booking was fine and the second one wasn't."
FB-000792,2025-10-15T05:25:00Z,small_business,survey,Islamabad,individual,billing,2,monthly,"Our office manager wants one place to see all team booking charges. Not a deal-breaker, just annoying."
FB-000793,2026-03-23T14:07:00Z,small_business,in_app_feedback,Riyadh,individual,booking_changes,3,weekly,We had to cancel the whole room because two attendees changed. This mattered more because I was already late for a meeting.
FB-000794,2026-02-17T00:56:00Z,freelancer,email_feedback,Manchester,business_basic,general,5,weekly,"I use DeskNest every week because it saves me calling venues. It worked the next time, but I still don't trust it."
FB-000795,2025-10-24T12:40:00Z,small_business,interview_excerpt,London,individual,availability,2,monthly,Availability looked fine online and the operator had already blocked the room. My colleague had a similar issue last week.
FB-000796,2026-06-25T03:59:00Z,small_business,interview_excerpt,London,business_basic,support,3,monthly,"Support fixed it, but I had to explain the same booking problem twice. This mattered more because I was already late for a meeting."
FB-000797,2026-02-18T08:24:00Z,freelancer,interview_excerpt,Dubai,business_basic,booking_changes,3,occasional,"For a team booking, changing one detail feels like rebuilding the whole thing. It worked the next time, but I still don't trust it."
FB-000798,2025-10-25T01:12:00Z,company_admin,account_team_note,Islamabad,business_basic,general,5,first_time,Our team booked a room for eight people without needing support.
FB-000799,2025-09-25T00:15:00Z,small_business,email_feedback,London,operator,venue,3,weekly,Wi-Fi was excellent and the desk matched the listing. Maybe this was specific to one venue.
FB-000800,2025-08-15T06:13:00Z,small_business,in_app_feedback,Remote,business_basic,general,5,occasional,I found a desk near the station and booked it in under two minutes. This happened twice this month.
FB-000801,2026-04-19T02:25:00Z,company_admin,app_review,London,operator,general,5,first_time,The booking flow is fast when I already know the area. This mattered more because I was already late for a meeting.
FB-000802,2026-07-04T18:39:00Z,small_business,interview_excerpt,Remote,business_basic,billing,1,first_time,"Our finance team needs one invoice for the whole month, not twenty separate receipts. Not a deal-breaker, just annoying."
FB-000803,2026-02-27T01:12:00Z,coworking_operator,app_review,Dubai,operator,checkout,3,weekly,"The fee isn't huge, it just feels hidden until late in the process. My colleague had a similar issue last week."
FB-000804,2026-01-23T20:21:00Z,coworking_operator,interview_excerpt,Manchester,business_plus,operator_tools,3,occasional,Blocking twenty desks one by one for a private event is too slow.
FB-000805,2026-06-22T00:02:00Z,small_business,in_app_feedback,Karachi,business_plus,search,3,occasional,The filters reset when I go back from a venue page. Our team has around eight people.
FB-000806,2026-04-17T18:40:00Z,company_admin,app_review,Manchester,business_plus,booking_changes,1,first_time,"For a team booking, changing one detail feels like rebuilding the whole thing."
FB-000807,2025-08-06T21:47:00Z,small_business,app_review,Karachi,individual,availability,3,occasional,Availability looked fine online and the operator had already blocked the room. The first booking was fine and the second one wasn't.
FB-000808,2026-05-15T20:06:00Z,remote_employee,email_feedback,Islamabad,business_basic,other,4,weekly,Please add dark mode.
FB-000809,2026-01-03T18:26:00Z,freelancer,app_review,Remote,individual,availability,3,weekly,"The app showed a room available, but the venue said it was already booked."
FB-000810,2025-09-03T19:54:00Z,small_business,email_feedback,Manchester,operator,general,4,occasional,The operator dashboard is much easier than our old spreadsheet.
FB-000811,2025-09-22T09:56:00Z,remote_employee,email_feedback,Riyadh,business_plus,support,2,occasional,"Support fixed it, but I had to explain the same booking problem twice. It worked the next time, but I still don't trust it."
FB-000812,2026-01-11T23:07:00Z,freelancer,support_ticket,Lahore,business_basic,venue,2,monthly,The monitor in the photos wasn't available at my desk. Our team has around eight people.
FB-000813,2025-08-16T18:21:00Z,freelancer,app_review,Riyadh,operator,other,4,monthly,Works fine.
FB-000814,2026-03-03T14:58:00Z,small_business,survey,Karachi,business_basic,booking_changes,2,occasional,We had to cancel the whole room because two attendees changed. The first booking was fine and the second one wasn't.
FB-000815,2026-08-09T02:18:00Z,remote_employee,in_app_feedback,Lahore,business_basic,accounts,3,weekly,"The company allowance is useful, but I sometimes lose track of which profile I'm using. Support eventually sorted it out."
FB-000816,2026-03-06T04:59:00Z,company_admin,in_app_feedback,Riyadh,business_plus,confirmation,3,first_time,The booking was confirmed in the app but the email came twenty minutes later. The first booking was fine and the second one wasn't.
FB-000817,2026-03-11T00:45:00Z,coworking_operator,email_feedback,Karachi,business_basic,operator_tools,3,monthly,The operator portal and what customers see don't always update at the same time. I noticed the same thing in another city.
FB-000818,2025-09-03T17:19:00Z,freelancer,interview_excerpt,Dubai,operator,search,2,monthly,I need a quiet-call filter because I keep opening listings one by one.
FB-000819,2025-12-06T07:05:00Z,freelancer,interview_excerpt,Dubai,business_basic,availability,1,occasional,Availability looked fine online and the operator had already blocked the room.
FB-000820,2025-08-07T12:31:00Z,remote_employee,support_ticket,Karachi,business_plus,billing,3,weekly,Can the monthly statement be a proper invoice instead of just a booking summary? Support eventually sorted it out.
FB-000821,2025-10-15T13:18:00Z,freelancer,app_review,Lahore,operator,confirmation,1,monthly,The booking was confirmed in the app but the email came twenty minutes later.
FB-000822,2026-03-28T11:49:00Z,small_business,account_team_note,Islamabad,business_basic,availability,1,weekly,I don't trust the availability anymore because the same thing happened twice.
FB-000823,2026-03-11T21:50:00Z,freelancer,account_team_note,Remote,individual,search,2,weekly,"I want to filter for desks with an external monitor, not just venues that have monitors somewhere. This is the main reason I'd hesitate to book again."
FB-000824,2026-05-17T05:53:00Z,remote_employee,interview_excerpt,Manchester,individual,venue,4,monthly,"Reception was helpful, but the access instructions in the app were outdated. Our team has around eight people."
FB-000825,2026-02-27T19:59:00Z,freelancer,interview_excerpt,Lahore,individual,venue,3,occasional,Wi-Fi was excellent and the desk matched the listing. My colleague had a similar issue last week.
FB-000826,2025-09-01T19:22:00Z,freelancer,account_team_note,Karachi,operator,checkout,2,weekly,The total changed enough at checkout that I went back to compare venues.
FB-000827,2025-12-26T19:32:00Z,freelancer,app_review,Karachi,business_basic,other,5,first_time,Works fine.
FB-000828,2025-11-02T10:20:00Z,remote_employee,email_feedback,Riyadh,individual,venue,2,weekly,The venue was clean and exactly as described.
FB-000829,2026-03-29T00:25:00Z,small_business,account_team_note,Remote,business_basic,availability,2,occasional,I don't trust the availability anymore because the same thing happened twice. Support eventually sorted it out.
FB-000830,2025-08-11T14:55:00Z,remote_employee,interview_excerpt,London,business_basic,booking_changes,2,occasional,"The refund was correct, but the rescheduling flow took too many steps. I use DeskNest most weeks."
FB-000831,2025-12-18T12:34:00Z,freelancer,email_feedback,Remote,business_plus,search,2,monthly,I need a quiet-call filter because I keep opening listings one by one.
FB-000832,2025-08-02T05:02:00Z,freelancer,account_team_note,Karachi,individual,search,1,weekly,The filters reset when I go back from a venue page.
FB-000833,2026-04-20T17:24:00Z,company_admin,in_app_feedback,Karachi,business_basic,availability,2,monthly,"DeskNest said the desk was open, but reception told me they had no space. I mostly book same-day."
FB-000834,2025-09-19T09:53:00Z,freelancer,survey,Riyadh,operator,booking_changes,2,occasional,We had to cancel the whole room because two attendees changed. I noticed the same thing in another city.
FB-000835,2026-02-28T04:21:00Z,freelancer,survey,Riyadh,business_plus,availability,1,occasional,Availability looked fine online and the operator had already blocked the room. I use DeskNest most weeks.
FB-000836,2026-02-28T17:40:00Z,freelancer,interview_excerpt,Karachi,business_plus,checkout,3,monthly,"The fee isn't huge, it just feels hidden until late in the process."
FB-000837,2025-12-25T20:07:00Z,freelancer,interview_excerpt,London,business_plus,checkout,1,monthly,"The fee isn't huge, it just feels hidden until late in the process. Support eventually sorted it out."
FB-000838,2026-02-20T18:23:00Z,small_business,interview_excerpt,Islamabad,individual,general,5,weekly,The booking flow is fast when I already know the area. I mostly book same-day.
FB-000839,2025-10-14T10:18:00Z,small_business,interview_excerpt,Manchester,business_basic,venue,3,monthly,The venue was clean and exactly as described. I noticed the same thing in another city.
FB-000840,2026-02-05T13:08:00Z,coworking_operator,account_team_note,Islamabad,individual,venue,5,weekly,The monitor in the photos wasn't available at my desk.
FB-000841,2025-12-06T00:43:00Z,freelancer,in_app_feedback,Riyadh,business_basic,search,2,first_time,The filters reset when I go back from a venue page. The first booking was fine and the second one wasn't.
FB-000842,2026-05-25T12:36:00Z,small_business,survey,London,operator,availability,2,occasional,"DeskNest said the desk was open, but reception told me they had no space. The first booking was fine and the second one wasn't."
FB-000843,2026-06-14T03:47:00Z,freelancer,interview_excerpt,London,individual,general,5,occasional,The operator dashboard is much easier than our old spreadsheet. This is the main reason I'd hesitate to book again.
FB-000844,2026-06-12T08:22:00Z,small_business,app_review,London,operator,billing,2,first_time,The billing address was wrong and I couldn't correct it myself after booking. This happened twice this month.
FB-000845,2026-05-19T15:42:00Z,small_business,interview_excerpt,Karachi,business_basic,confirmation,2,first_time,"The push notification arrived right away, but email was delayed. I noticed the same thing in another city."
FB-000846,2025-08-08T19:43:00Z,company_admin,account_team_note,Dubai,individual,confirmation,2,weekly,"I need faster confirmation because I usually book on the way to a meeting. It worked the next time, but I still don't trust it."
FB-000847,2025-10-19T02:03:00Z,remote_employee,in_app_feedback,Islamabad,business_basic,search,3,occasional,I wish the app remembered my usual filters.
FB-000848,2026-07-19T17:22:00Z,small_business,in_app_feedback,Karachi,operator,venue,2,monthly,The monitor in the photos wasn't available at my desk.
FB-000849,2025-11-26T16:20:00Z,remote_employee,app_review,Remote,individual,accounts,1,occasional,I want a clearer indicator when I'm booking under the company account. My colleague had a similar issue last week.
FB-000850,2026-02-04T00:05:00Z,freelancer,email_feedback,Islamabad,operator,accounts,3,first_time,"I want a clearer indicator when I'm booking under the company account. It worked the next time, but I still don't trust it."
FB-000851,2026-05-30T01:07:00Z,freelancer,in_app_feedback,Lahore,business_plus,availability,1,weekly,"The app showed a room available, but the venue said it was already booked. The first booking was fine and the second one wasn't."
FB-000852,2026-06-19T05:30:00Z,small_business,in_app_feedback,Remote,business_basic,search,2,weekly,"Search is quick, but comparing amenities across venues takes too long. Support eventually sorted it out."
FB-000853,2026-07-10T20:56:00Z,small_business,support_ticket,Dubai,business_basic,billing,2,occasional,"The receipt works for me personally, but not for our accounts team."
FB-000854,2025-11-14T18:19:00Z,small_business,survey,London,operator,billing,2,monthly,The billing address was wrong and I couldn't correct it myself after booking. Our team has around eight people.
FB-000855,2026-08-08T09:24:00Z,freelancer,in_app_feedback,Karachi,operator,confirmation,1,monthly,"The push notification arrived right away, but email was delayed. This mattered more because I was already late for a meeting."
FB-000856,2026-02-06T07:05:00Z,company_admin,support_ticket,Lahore,business_plus,accounts,2,first_time,I want a clearer indicator when I'm booking under the company account.
FB-000857,2025-11-26T02:55:00Z,coworking_operator,email_feedback,Lahore,business_plus,checkout,1,occasional,"The workspace price looked good until the extra fee appeared. Not a deal-breaker, just annoying."
FB-000858,2026-03-20T20:34:00Z,coworking_operator,support_ticket,Dubai,individual,confirmation,1,occasional,"The push notification arrived right away, but email was delayed."
FB-000859,2026-03-15T23:09:00Z,small_business,survey,Remote,business_basic,support,2,occasional,I wish support could see the earlier refund conversation without asking again. I mostly book same-day.
FB-000860,2026-06-20T09:19:00Z,remote_employee,in_app_feedback,Riyadh,business_plus,confirmation,2,occasional,I received two confirmation emails for the same booking.
FB-000861,2026-03-21T07:51:00Z,company_admin,account_team_note,Dubai,operator,general,5,monthly,I use DeskNest every week because it saves me calling venues. Our team has around eight people.
FB-000862,2025-12-26T17:13:00Z,small_business,interview_excerpt,Manchester,individual,availability,3,weekly,I had a confirmed booking and there wasn't actually a free room when I arrived. Support eventually sorted it out.
FB-000863,2025-12-06T20:51:00Z,remote_employee,survey,Karachi,operator,billing,3,first_time,Our office manager wants one place to see all team booking charges. I noticed the same thing in another city.
FB-000864,2026-05-23T19:26:00Z,coworking_operator,account_team_note,Riyadh,individual,availability,2,monthly,"The app showed a room available, but the venue said it was already booked. This happened twice this month."
FB-000865,2026-04-23T19:16:00Z,small_business,account_team_note,Karachi,individual,billing,3,first_time,Can the monthly statement be a proper invoice instead of just a booking summary?
FB-000866,2026-04-15T15:03:00Z,small_business,interview_excerpt,Remote,individual,booking_changes,1,monthly,I want to move a booking to another time without losing the room.
FB-000867,2026-02-07T06:18:00Z,small_business,account_team_note,Remote,business_plus,venue,2,weekly,"The venue was clean and exactly as described. Not a deal-breaker, just annoying."
FB-000868,2025-11-01T12:43:00Z,remote_employee,email_feedback,Lahore,business_plus,accounts,1,weekly,Switching between my personal bookings and company bookings is confusing. I mostly book same-day.
FB-000869,2025-12-04T19:12:00Z,freelancer,support_ticket,Islamabad,business_basic,booking_changes,2,occasional,"For a team booking, changing one detail feels like rebuilding the whole thing. This mattered more because I was already late for a meeting."
FB-000870,2026-07-11T23:48:00Z,remote_employee,account_team_note,Dubai,operator,general,5,monthly,I found a desk near the station and booked it in under two minutes.
FB-000871,2025-12-12T06:16:00Z,company_admin,in_app_feedback,Islamabad,operator,billing,2,monthly,"Our finance team needs one invoice for the whole month, not twenty separate receipts."
FB-000872,2026-07-23T15:23:00Z,small_business,email_feedback,Karachi,business_basic,booking_changes,3,monthly,"For a team booking, changing one detail feels like rebuilding the whole thing. I mostly book same-day."
FB-000873,2025-11-26T05:44:00Z,small_business,survey,Karachi,business_plus,search,3,first_time,The neighborhood filter is too broad for where I actually need to work. This is the main reason I'd hesitate to book again.
FB-000874,2026-01-26T03:00:00Z,coworking_operator,interview_excerpt,Islamabad,individual,support,4,occasional,"The agent was quick, but I had already sent the booking ID in the first message. Not a deal-breaker, just annoying."
FB-000875,2025-08-18T11:48:00Z,freelancer,interview_excerpt,Manchester,individual,confirmation,3,weekly,I need faster confirmation because I usually book on the way to a meeting. Our team has around eight people.
FB-000876,2026-06-12T11:31:00Z,small_business,support_ticket,Islamabad,business_plus,booking_changes,1,first_time,"The refund was correct, but the rescheduling flow took too many steps."
FB-000877,2025-11-10T19:25:00Z,freelancer,interview_excerpt,Dubai,individual,venue,4,monthly,"The room was smaller than it looked in the photos. Not a deal-breaker, just annoying."
FB-000878,2026-07-28T01:47:00Z,remote_employee,email_feedback,Lahore,business_basic,billing,3,weekly,"We spend too much time downloading one document per booking. Not a deal-breaker, just annoying."
FB-000879,2026-02-12T09:56:00Z,freelancer,email_feedback,Riyadh,operator,refunds,2,first_time,"The refund was approved, but it took several days to show in my bank. This happened twice this month."
FB-000880,2025-09-04T05:41:00Z,small_business,app_review,Riyadh,business_basic,accounts,3,occasional,"The company allowance is useful, but I sometimes lose track of which profile I'm using."
FB-000881,2025-11-29T12:37:00Z,small_business,support_ticket,Remote,business_basic,venue,3,weekly,The space was much noisier than the listing made it sound. Our team has around eight people.
FB-000882,2025-10-19T01:43:00Z,small_business,account_team_note,Karachi,operator,general,5,monthly,Our team booked a room for eight people without needing support. Maybe this was specific to one venue.
FB-000883,2026-03-05T06:30:00Z,freelancer,survey,Dubai,business_plus,confirmation,3,occasional,I booked again because the first confirmation never showed up in my inbox. My colleague had a similar issue last week.
FB-000884,2026-03-20T15:58:00Z,remote_employee,survey,Lahore,business_basic,accounts,2,weekly,"The company allowance is useful, but I sometimes lose track of which profile I'm using."
FB-000885,2026-01-08T01:27:00Z,coworking_operator,in_app_feedback,Islamabad,operator,availability,1,occasional,"The space disappeared between search and checkout, which was frustrating."
FB-000886,2026-02-10T16:16:00Z,small_business,in_app_feedback,Islamabad,individual,billing,1,occasional,"Our finance team needs one invoice for the whole month, not twenty separate receipts. Maybe this was specific to one venue."
FB-000887,2026-02-14T06:27:00Z,small_business,interview_excerpt,Lahore,operator,billing,3,first_time,"Our finance team needs one invoice for the whole month, not twenty separate receipts. This mattered more because I was already late for a meeting."
FB-000888,2025-08-10T23:02:00Z,small_business,support_ticket,Islamabad,operator,availability,3,monthly,I don't trust the availability anymore because the same thing happened twice. Support eventually sorted it out.
FB-000889,2025-08-25T22:12:00Z,small_business,survey,London,operator,accounts,2,occasional,It should be easier to separate personal receipts from work receipts. My colleague had a similar issue last week.
FB-000890,2025-09-27T10:33:00Z,remote_employee,account_team_note,Dubai,operator,confirmation,3,weekly,"The push notification arrived right away, but email was delayed. This mattered more because I was already late for a meeting."
FB-000891,2026-07-31T15:03:00Z,remote_employee,interview_excerpt,Karachi,business_plus,venue,2,monthly,"The venue was clean and exactly as described. It worked the next time, but I still don't trust it."
FB-000892,2025-12-15T04:15:00Z,remote_employee,in_app_feedback,Karachi,individual,accounts,1,occasional,Our employees keep asking which payment method will be charged. This happened twice this month.
FB-000893,2026-04-01T23:03:00Z,small_business,survey,Manchester,operator,accounts,3,monthly,I accidentally used my personal card for a work booking. This is the main reason I'd hesitate to book again.
FB-000894,2025-12-03T07:27:00Z,small_business,in_app_feedback,Riyadh,business_plus,confirmation,2,first_time,I need faster confirmation because I usually book on the way to a meeting. This is the main reason I'd hesitate to book again.
FB-000895,2025-11-06T22:23:00Z,freelancer,account_team_note,Riyadh,operator,general,5,occasional,Our team booked a room for eight people without needing support. Maybe this was specific to one venue.
FB-000896,2026-05-04T13:57:00Z,small_business,survey,London,business_basic,accounts,1,monthly,"Switching between my personal bookings and company bookings is confusing. Not a deal-breaker, just annoying."
FB-000897,2026-03-23T07:02:00Z,coworking_operator,app_review,Remote,business_plus,billing,2,monthly,Can the monthly statement be a proper invoice instead of just a booking summary? This mattered more because I was already late for a meeting.
FB-000898,2025-09-11T09:37:00Z,remote_employee,survey,Lahore,business_plus,accounts,2,monthly,Switching between my personal bookings and company bookings is confusing. I mostly book same-day.
FB-000899,2025-11-17T11:23:00Z,small_business,survey,London,operator,availability,1,monthly,"Availability looked fine online and the operator had already blocked the room. Not a deal-breaker, just annoying."
FB-000900,2025-08-06T17:20:00Z,coworking_operator,email_feedback,Dubai,individual,operator_tools,1,monthly,"The calendar is usable, but bulk close is still limited for some inventory."
FB-000901,2026-01-05T08:53:00Z,coworking_operator,survey,Lahore,operator,operator_tools,2,weekly,We need bulk inventory changes across several days. Our team has around eight people.
FB-000902,2026-03-02T18:11:00Z,coworking_operator,in_app_feedback,London,business_plus,support,3,occasional,Support was helpful and solved the issue on the first reply. I mostly book same-day.
FB-000903,2025-09-11T04:16:00Z,remote_employee,app_review,Remote,operator,general,5,monthly,I use DeskNest every week because it saves me calling venues. My colleague had a similar issue last week.
FB-000904,2026-05-30T01:40:00Z,small_business,survey,Manchester,business_basic,confirmation,2,occasional,"The push notification arrived right away, but email was delayed. I use DeskNest most weeks."
FB-000905,2026-04-21T08:06:00Z,freelancer,app_review,Lahore,business_basic,confirmation,2,first_time,"I booked again because the first confirmation never showed up in my inbox. Not a deal-breaker, just annoying."
FB-000906,2026-03-28T01:10:00Z,company_admin,account_team_note,London,business_basic,checkout,1,weekly,"The fee isn't huge, it just feels hidden until late in the process."
FB-000907,2026-04-04T08:29:00Z,small_business,in_app_feedback,London,business_plus,accounts,3,occasional,I accidentally used my personal card for a work booking. This is the main reason I'd hesitate to book again.
FB-000908,2025-12-02T14:30:00Z,freelancer,account_team_note,Dubai,operator,general,4,monthly,The operator dashboard is much easier than our old spreadsheet.
FB-000909,2025-12-10T14:21:00Z,company_admin,account_team_note,Karachi,business_basic,checkout,2,monthly,The total changed enough at checkout that I went back to compare venues. Maybe this was specific to one venue.
FB-000910,2026-07-31T13:45:00Z,coworking_operator,support_ticket,Dubai,business_plus,operator_tools,1,occasional,We had a customer arrive after we thought the room was closed online.
FB-000911,2025-11-16T23:25:00Z,freelancer,support_ticket,Islamabad,operator,search,2,occasional,"Search is quick, but comparing amenities across venues takes too long. I noticed the same thing in another city."
FB-000912,2026-06-12T18:13:00Z,freelancer,in_app_feedback,London,individual,checkout,2,first_time,"The workspace price looked good until the extra fee appeared. Not a deal-breaker, just annoying."
FB-000913,2025-09-28T17:21:00Z,remote_employee,in_app_feedback,Islamabad,individual,search,1,occasional,"I can find a desk, but it's hard to tell which ones allow calls. Maybe this was specific to one venue."
FB-000914,2026-06-12T13:19:00Z,small_business,account_team_note,London,business_plus,confirmation,1,first_time,The booking was confirmed in the app but the email came twenty minutes later.
FB-000915,2025-11-02T03:01:00Z,remote_employee,in_app_feedback,Karachi,individual,search,2,weekly,"I want to filter for desks with an external monitor, not just venues that have monitors somewhere."
FB-000916,2025-08-10T03:10:00Z,small_business,email_feedback,London,operator,availability,2,monthly,I had a confirmed booking and there wasn't actually a free room when I arrived. The first booking was fine and the second one wasn't.
FB-000917,2026-01-16T13:05:00Z,small_business,support_ticket,Manchester,business_plus,availability,1,occasional,"DeskNest said the desk was open, but reception told me they had no space. Not a deal-breaker, just annoying."
FB-000918,2026-02-16T09:27:00Z,company_admin,survey,London,business_basic,availability,1,first_time,I don't trust the availability anymore because the same thing happened twice. This is the main reason I'd hesitate to book again.
FB-000919,2025-12-19T15:03:00Z,company_admin,account_team_note,London,business_plus,accounts,2,first_time,"It should be easier to separate personal receipts from work receipts. It worked the next time, but I still don't trust it."
FB-000920,2026-07-27T08:36:00Z,small_business,survey,Riyadh,operator,billing,2,weekly,The billing address was wrong and I couldn't correct it myself after booking. My colleague had a similar issue last week.
FB-000921,2025-11-01T21:31:00Z,freelancer,app_review,Remote,individual,venue,3,first_time,Wi-Fi was excellent and the desk matched the listing. I mostly book same-day.
FB-000922,2025-12-02T12:34:00Z,freelancer,in_app_feedback,Lahore,business_plus,availability,3,occasional,"The app showed a room available, but the venue said it was already booked. It worked the next time, but I still don't trust it."
FB-000923,2025-11-16T05:39:00Z,small_business,interview_excerpt,Islamabad,operator,billing,2,first_time,We spend too much time downloading one document per booking. My colleague had a similar issue last week.
FB-000924,2026-08-08T23:26:00Z,small_business,email_feedback,Dubai,business_basic,availability,3,monthly,I had a confirmed booking and there wasn't actually a free room when I arrived. The first booking was fine and the second one wasn't.
FB-000925,2026-07-02T18:15:00Z,coworking_operator,email_feedback,London,operator,confirmation,2,monthly,I thought the booking failed because I didn't get a confirmation email. Support eventually sorted it out.
FB-000926,2025-11-22T05:22:00Z,small_business,support_ticket,Lahore,operator,billing,3,occasional,I need the company name and tax details on the invoice. I use DeskNest most weeks.
FB-000927,2026-08-04T09:23:00Z,small_business,interview_excerpt,Riyadh,business_plus,booking_changes,3,weekly,We had to cancel the whole room because two attendees changed. I noticed the same thing in another city.
FB-000928,2026-08-05T23:25:00Z,company_admin,email_feedback,London,business_basic,availability,2,monthly,"I don't trust the availability anymore because the same thing happened twice. Not a deal-breaker, just annoying."
FB-000929,2025-09-22T01:41:00Z,small_business,email_feedback,Islamabad,business_basic,billing,2,first_time,"The receipt works for me personally, but not for our accounts team."
FB-000930,2026-01-24T01:13:00Z,remote_employee,account_team_note,Lahore,individual,booking_changes,3,weekly,We had to cancel the whole room because two attendees changed. This is the main reason I'd hesitate to book again.
FB-000931,2025-09-30T00:58:00Z,small_business,interview_excerpt,London,individual,billing,2,first_time,"Our office manager wants one place to see all team booking charges. It worked the next time, but I still don't trust it."
FB-000932,2026-04-17T22:00:00Z,small_business,app_review,Manchester,individual,availability,2,occasional,I don't trust the availability anymore because the same thing happened twice. I use DeskNest most weeks.
FB-000933,2025-08-23T11:20:00Z,freelancer,email_feedback,Islamabad,business_basic,booking_changes,2,first_time,"The refund was correct, but the rescheduling flow took too many steps."
FB-000934,2026-01-07T14:16:00Z,small_business,email_feedback,Remote,operator,accounts,2,first_time,Our employees keep asking which payment method will be charged.
FB-000935,2026-06-02T04:04:00Z,freelancer,app_review,Remote,individual,refunds,3,weekly,"The cancellation went through quickly, but the money took longer. Our team has around eight people."
FB-000936,2026-05-22T07:55:00Z,coworking_operator,in_app_feedback,Remote,operator,operator_tools,3,weekly,"The calendar is usable, but bulk close is still limited for some inventory. Support eventually sorted it out."
FB-000937,2025-11-27T16:09:00Z,company_admin,app_review,London,operator,billing,3,first_time,"The receipt works for me personally, but not for our accounts team."
FB-000938,2025-08-31T10:09:00Z,company_admin,interview_excerpt,Karachi,individual,accounts,2,first_time,Our employees keep asking which payment method will be charged. I use DeskNest most weeks.
FB-000939,2025-09-19T14:14:00Z,remote_employee,support_ticket,Remote,business_plus,support,4,first_time,"Support fixed it, but I had to explain the same booking problem twice. Our team has around eight people."
FB-000940,2025-11-20T22:15:00Z,small_business,interview_excerpt,Riyadh,business_plus,billing,1,weekly,I need the company name and tax details on the invoice.
FB-000941,2026-02-09T23:50:00Z,coworking_operator,app_review,Riyadh,individual,support,3,first_time,"Support fixed it, but I had to explain the same booking problem twice."
FB-000942,2026-02-27T02:45:00Z,freelancer,survey,Karachi,operator,confirmation,2,weekly,I thought the booking failed because I didn't get a confirmation email.
FB-000943,2026-04-22T14:08:00Z,freelancer,account_team_note,London,operator,confirmation,1,occasional,I need faster confirmation because I usually book on the way to a meeting. Our team has around eight people.
FB-000944,2025-10-23T16:12:00Z,small_business,survey,Lahore,business_plus,other,4,monthly,Works fine.
FB-000945,2026-07-13T00:21:00Z,company_admin,account_team_note,Manchester,individual,other,2,weekly,The chairs were blue.
FB-000946,2025-10-01T10:07:00Z,freelancer,survey,Dubai,individual,accounts,1,first_time,It should be easier to separate personal receipts from work receipts. I noticed the same thing in another city.
FB-000947,2026-06-03T11:33:00Z,company_admin,support_ticket,Karachi,business_plus,support,4,monthly,"Support fixed it, but I had to explain the same booking problem twice."
FB-000948,2026-03-06T11:45:00Z,small_business,survey,Lahore,individual,accounts,3,weekly,"The company allowance is useful, but I sometimes lose track of which profile I'm using. This happened twice this month."
FB-000949,2026-01-22T04:55:00Z,freelancer,app_review,Manchester,business_basic,venue,5,first_time,The venue was clean and exactly as described. Maybe this was specific to one venue.
FB-000950,2025-10-31T11:10:00Z,company_admin,account_team_note,Karachi,business_plus,refunds,2,first_time,I want the app to show where the refund is in the process.
FB-000951,2025-09-30T22:46:00Z,remote_employee,app_review,Lahore,business_plus,availability,2,monthly,"DeskNest said the desk was open, but reception told me they had no space. I mostly book same-day."
FB-000952,2026-04-23T06:22:00Z,small_business,support_ticket,Remote,operator,other,4,monthly,Works fine.
FB-000953,2025-10-19T02:56:00Z,coworking_operator,support_ticket,Remote,business_basic,checkout,2,monthly,The workspace price looked good until the extra fee appeared.
FB-000954,2026-01-12T05:36:00Z,coworking_operator,survey,London,individual,availability,3,weekly,"The space disappeared between search and checkout, which was frustrating."
FB-000955,2025-09-16T15:29:00Z,company_admin,email_feedback,Lahore,business_plus,billing,2,monthly,Our office manager wants one place to see all team booking charges.
FB-000956,2026-03-02T07:55:00Z,coworking_operator,app_review,Dubai,business_basic,operator_tools,3,occasional,I want a history of who changed the availability and when. Our team has around eight people.
FB-000957,2025-10-14T19:50:00Z,freelancer,support_ticket,Remote,individual,accounts,1,occasional,"I like having both accounts, I just want the switch to be more obvious."
FB-000958,2026-03-20T16:44:00Z,small_business,interview_excerpt,Remote,business_plus,billing,3,monthly,Our office manager wants one place to see all team booking charges. This happened twice this month.
FB-000959,2026-06-16T18:50:00Z,small_business,app_review,Islamabad,business_plus,accounts,1,monthly,I accidentally used my personal card for a work booking.
FB-000960,2026-07-02T13:28:00Z,small_business,interview_excerpt,Dubai,individual,support,3,first_time,"The answer was good, but it took almost a day. It worked the next time, but I still don't trust it."
FB-000961,2025-10-24T21:31:00Z,freelancer,in_app_feedback,Islamabad,business_basic,availability,2,first_time,"The space disappeared between search and checkout, which was frustrating. It worked the next time, but I still don't trust it."
FB-000962,2025-11-29T08:36:00Z,remote_employee,in_app_feedback,London,business_plus,billing,2,occasional,Can the monthly statement be a proper invoice instead of just a booking summary?
FB-000963,2026-05-24T21:14:00Z,coworking_operator,in_app_feedback,Islamabad,individual,general,5,first_time,The map and date search make last-minute booking easy. This mattered more because I was already late for a meeting.
FB-000964,2025-09-04T14:56:00Z,coworking_operator,survey,Dubai,operator,operator_tools,1,first_time,We need bulk inventory changes across several days. Our team has around eight people.
FB-000965,2026-02-07T23:39:00Z,company_admin,survey,Islamabad,operator,availability,1,monthly,"DeskNest said the desk was open, but reception told me they had no space."
FB-000966,2026-03-17T20:10:00Z,small_business,email_feedback,Islamabad,individual,billing,2,monthly,I need the company name and tax details on the invoice.
FB-000967,2026-03-24T17:02:00Z,small_business,in_app_feedback,Remote,individual,booking_changes,2,weekly,It's not clear which bookings can be changed directly. Support eventually sorted it out.
FB-000968,2026-02-14T17:03:00Z,small_business,interview_excerpt,London,business_plus,billing,2,first_time,Our office manager wants one place to see all team booking charges. I noticed the same thing in another city.
FB-000969,2025-09-23T10:43:00Z,small_business,support_ticket,Dubai,business_plus,availability,3,monthly,I don't trust the availability anymore because the same thing happened twice. I use DeskNest most weeks.
FB-000970,2025-09-12T19:21:00Z,small_business,account_team_note,Karachi,business_basic,booking_changes,2,occasional,"The refund was correct, but the rescheduling flow took too many steps. Support eventually sorted it out."
FB-000971,2026-04-24T16:57:00Z,remote_employee,account_team_note,Manchester,individual,support,2,occasional,I wish support could see the earlier refund conversation without asking again. Support eventually sorted it out.
FB-000972,2026-06-28T22:50:00Z,small_business,interview_excerpt,Manchester,individual,booking_changes,3,weekly,We had to cancel the whole room because two attendees changed. Maybe this was specific to one venue.
FB-000973,2025-08-18T23:26:00Z,freelancer,in_app_feedback,Riyadh,operator,booking_changes,2,weekly,"For a team booking, changing one detail feels like rebuilding the whole thing. I use DeskNest most weeks."
FB-000974,2026-06-29T16:19:00Z,small_business,account_team_note,Manchester,business_basic,billing,2,first_time,The billing address was wrong and I couldn't correct it myself after booking.
FB-000975,2026-01-03T17:38:00Z,remote_employee,survey,Riyadh,business_basic,search,1,weekly,"I need a quiet-call filter because I keep opening listings one by one. It worked the next time, but I still don't trust it."
FB-000976,2025-11-05T07:41:00Z,freelancer,in_app_feedback,Dubai,individual,booking_changes,1,weekly,"The refund was correct, but the rescheduling flow took too many steps. Our team has around eight people."
FB-000977,2025-09-28T14:56:00Z,freelancer,in_app_feedback,Karachi,individual,support,2,first_time,"I wish support could see the earlier refund conversation without asking again. It worked the next time, but I still don't trust it."
FB-000978,2026-01-12T14:37:00Z,freelancer,in_app_feedback,Riyadh,operator,confirmation,2,first_time,I thought the booking failed because I didn't get a confirmation email.
FB-000979,2026-03-25T06:20:00Z,freelancer,interview_excerpt,Dubai,individual,booking_changes,2,monthly,"For a team booking, changing one detail feels like rebuilding the whole thing. My colleague had a similar issue last week."
FB-000980,2026-03-23T20:16:00Z,freelancer,in_app_feedback,Remote,individual,booking_changes,2,monthly,I want to move a booking to another time without losing the room. This is the main reason I'd hesitate to book again.
FB-000981,2026-03-29T21:22:00Z,small_business,account_team_note,Manchester,individual,availability,1,first_time,Availability looked fine online and the operator had already blocked the room.
FB-000982,2026-07-20T11:11:00Z,freelancer,app_review,Dubai,business_basic,support,4,occasional,Support was helpful and solved the issue on the first reply.
FB-000983,2026-01-26T02:20:00Z,small_business,app_review,Riyadh,operator,venue,4,monthly,Wi-Fi was excellent and the desk matched the listing.
FB-000984,2026-05-06T02:13:00Z,company_admin,in_app_feedback,Dubai,business_basic,confirmation,3,first_time,"I received two confirmation emails for the same booking. Not a deal-breaker, just annoying."
FB-000985,2025-12-09T05:36:00Z,remote_employee,email_feedback,Karachi,business_plus,other,3,occasional,Works fine.
FB-000986,2026-04-23T06:25:00Z,small_business,interview_excerpt,Riyadh,individual,billing,3,occasional,Our office manager wants one place to see all team booking charges.
FB-000987,2026-04-16T18:35:00Z,freelancer,interview_excerpt,Dubai,business_basic,refunds,3,first_time,"The refund was approved, but it took several days to show in my bank. It worked the next time, but I still don't trust it."
FB-000988,2026-02-02T21:39:00Z,remote_employee,support_ticket,London,business_basic,billing,1,monthly,The billing address was wrong and I couldn't correct it myself after booking.
FB-000989,2026-02-15T06:21:00Z,remote_employee,interview_excerpt,Karachi,operator,booking_changes,2,first_time,I want to move a booking to another time without losing the room.
FB-000990,2026-04-11T02:09:00Z,coworking_operator,app_review,Islamabad,individual,operator_tools,2,first_time,"We need bulk inventory changes across several days. It worked the next time, but I still don't trust it."
FB-000991,2025-12-05T22:16:00Z,small_business,email_feedback,Riyadh,operator,accounts,1,monthly,"Switching between my personal bookings and company bookings is confusing. Not a deal-breaker, just annoying."
FB-000992,2026-08-02T13:12:00Z,freelancer,survey,Islamabad,individual,checkout,1,occasional,"The final total was correct, but the pricing breakdown could be easier to scan. It worked the next time, but I still don't trust it."
FB-000993,2026-02-02T07:00:00Z,small_business,support_ticket,Lahore,business_plus,general,4,first_time,Confirmation was immediate and the venue had everything listed. This mattered more because I was already late for a meeting.
FB-000994,2026-04-25T10:57:00Z,freelancer,interview_excerpt,Islamabad,business_plus,support,4,first_time,"Support fixed it, but I had to explain the same booking problem twice."
FB-000995,2026-01-16T04:31:00Z,remote_employee,interview_excerpt,Dubai,business_plus,billing,1,occasional,The billing address was wrong and I couldn't correct it myself after booking.
FB-000996,2026-03-14T21:26:00Z,freelancer,survey,Islamabad,individual,search,2,weekly,"I can find a desk, but it's hard to tell which ones allow calls. I use DeskNest most weeks."
FB-000997,2026-08-09T17:34:00Z,remote_employee,support_ticket,Riyadh,operator,general,5,occasional,I found a desk near the station and booked it in under two minutes. My colleague had a similar issue last week.
FB-000998,2025-10-30T01:48:00Z,remote_employee,support_ticket,Manchester,operator,support,2,monthly,I wish support could see the earlier refund conversation without asking again. This happened twice this month.
FB-000999,2025-10-15T03:13:00Z,remote_employee,interview_excerpt,Dubai,individual,search,3,occasional,"Search is quick, but comparing amenities across venues takes too long."
FB-001000,2026-01-13T19:59:00Z,coworking_operator,support_ticket,Lahore,business_basic,operator_tools,2,monthly,Blocking twenty desks one by one for a private event is too slow. This is the main reason I'd hesitate to book again.
FB-001001,2026-07-22T02:52:00Z,remote_employee,account_team_note,London,individual,accounts,2,first_time,Switching between my personal bookings and company bookings is confusing.
FB-001002,2026-03-16T16:59:00Z,freelancer,account_team_note,Karachi,individual,search,2,weekly,"Search is quick, but comparing amenities across venues takes too long. This happened twice this month."
FB-001003,2026-03-22T02:02:00Z,small_business,interview_excerpt,Dubai,business_basic,availability,3,occasional,Availability looked fine online and the operator had already blocked the room. Support eventually sorted it out.
FB-001004,2026-01-06T19:54:00Z,freelancer,in_app_feedback,London,operator,search,2,weekly,"Search is quick, but comparing amenities across venues takes too long."
FB-001005,2026-05-02T10:42:00Z,remote_employee,account_team_note,Remote,business_basic,availability,2,monthly,"My booking existed, but the venue said their calendar had something different. This happened twice this month."
FB-001006,2025-10-23T04:01:00Z,company_admin,survey,Manchester,business_basic,accounts,2,occasional,I accidentally used my personal card for a work booking. I use DeskNest most weeks.
FB-001007,2026-08-05T23:03:00Z,freelancer,account_team_note,Islamabad,business_basic,checkout,3,weekly,The service fee should be clearer before the final checkout screen. This happened twice this month.
FB-001008,2026-06-26T23:51:00Z,remote_employee,account_team_note,Karachi,operator,venue,2,weekly,The space was much noisier than the listing made it sound. This happened twice this month.
FB-001009,2026-04-25T23:06:00Z,freelancer,account_team_note,Manchester,individual,accounts,3,monthly,"The company allowance is useful, but I sometimes lose track of which profile I'm using. It worked the next time, but I still don't trust it."
FB-001010,2025-12-26T17:01:00Z,remote_employee,account_team_note,Remote,business_plus,search,3,first_time,I wish the app remembered my usual filters.
FB-001011,2025-08-12T16:03:00Z,freelancer,app_review,Riyadh,operator,general,5,occasional,Confirmation was immediate and the venue had everything listed. The first booking was fine and the second one wasn't.
FB-001012,2025-09-18T13:32:00Z,coworking_operator,in_app_feedback,Manchester,business_basic,support,4,first_time,"I had three channels open for the same issue and wasn't sure which one was current. It worked the next time, but I still don't trust it."
FB-001013,2025-12-07T16:23:00Z,small_business,interview_excerpt,Lahore,business_basic,availability,2,monthly,"DeskNest said the desk was open, but reception told me they had no space. This mattered more because I was already late for a meeting."
FB-001014,2026-05-05T05:30:00Z,freelancer,interview_excerpt,Dubai,business_basic,support,2,weekly,"The agent was quick, but I had already sent the booking ID in the first message. This happened twice this month."
FB-001015,2026-06-08T01:11:00Z,freelancer,support_ticket,London,business_basic,search,2,first_time,"I wish the app remembered my usual filters. Not a deal-breaker, just annoying."
FB-001016,2025-08-26T04:22:00Z,small_business,account_team_note,London,operator,availability,2,first_time,I don't trust the availability anymore because the same thing happened twice. Support eventually sorted it out.
FB-001017,2026-02-02T02:05:00Z,coworking_operator,survey,Riyadh,business_basic,billing,2,occasional,Our office manager wants one place to see all team booking charges. Our team has around eight people.
FB-001018,2025-08-14T08:23:00Z,freelancer,email_feedback,London,business_basic,support,3,weekly,"Support fixed it, but I had to explain the same booking problem twice. This mattered more because I was already late for a meeting."
FB-001019,2025-12-15T08:42:00Z,coworking_operator,support_ticket,Karachi,individual,confirmation,2,weekly,"I received two confirmation emails for the same booking. Not a deal-breaker, just annoying."
FB-001020,2026-02-26T14:18:00Z,small_business,survey,Islamabad,individual,billing,2,occasional,I need the company name and tax details on the invoice. Support eventually sorted it out.
FB-001021,2026-05-26T12:58:00Z,remote_employee,support_ticket,Islamabad,operator,availability,1,first_time,"DeskNest said the desk was open, but reception told me they had no space. I use DeskNest most weeks."
FB-001022,2025-08-19T16:11:00Z,freelancer,support_ticket,Lahore,business_plus,venue,4,first_time,The monitor in the photos wasn't available at my desk. Maybe this was specific to one venue.
FB-001023,2026-04-15T16:45:00Z,remote_employee,email_feedback,Lahore,individual,other,2,weekly,Works fine.
FB-001024,2025-09-21T21:58:00Z,remote_employee,account_team_note,Dubai,business_basic,search,3,monthly,The filters reset when I go back from a venue page. I noticed the same thing in another city.
FB-001025,2025-11-02T14:11:00Z,coworking_operator,in_app_feedback,Dubai,business_basic,venue,5,weekly,Wi-Fi was excellent and the desk matched the listing. Support eventually sorted it out.
FB-001026,2026-01-09T01:28:00Z,small_business,interview_excerpt,London,business_basic,availability,3,first_time,"DeskNest said the desk was open, but reception told me they had no space. This mattered more because I was already late for a meeting."
FB-001027,2026-05-18T19:37:00Z,freelancer,support_ticket,Dubai,business_plus,checkout,2,monthly,"I don't mind paying the fee, but I want to see it earlier. Maybe this was specific to one venue."
FB-001028,2026-04-02T05:55:00Z,remote_employee,interview_excerpt,Remote,business_basic,venue,3,first_time,The space was much noisier than the listing made it sound. Our team has around eight people.
FB-001029,2025-12-09T18:25:00Z,remote_employee,email_feedback,London,individual,confirmation,2,weekly,The app said pending for a few minutes even though the payment went through. I mostly book same-day.
FB-001030,2025-10-17T17:02:00Z,remote_employee,in_app_feedback,Riyadh,business_plus,refunds,3,first_time,"The refund was approved, but it took several days to show in my bank. Not a deal-breaker, just annoying."
FB-001031,2025-10-20T06:15:00Z,small_business,survey,Karachi,individual,booking_changes,3,monthly,We had to cancel the whole room because two attendees changed. This happened twice this month.
FB-001032,2026-03-27T11:12:00Z,small_business,interview_excerpt,Dubai,business_plus,availability,2,weekly,I don't trust the availability anymore because the same thing happened twice. I noticed the same thing in another city.
FB-001033,2025-10-07T08:34:00Z,freelancer,account_team_note,Dubai,business_plus,general,5,first_time,The operator dashboard is much easier than our old spreadsheet. I mostly book same-day.
FB-001034,2026-06-23T02:43:00Z,remote_employee,email_feedback,Remote,business_basic,confirmation,1,monthly,"The push notification arrived right away, but email was delayed."
FB-001035,2026-04-12T20:39:00Z,coworking_operator,support_ticket,Manchester,business_basic,general,5,weekly,The booking flow is fast when I already know the area.
FB-001036,2025-11-20T14:53:00Z,freelancer,app_review,Remote,business_plus,booking_changes,2,weekly,I couldn't see the cancellation rule until I went looking for it after booking.
FB-001037,2026-06-12T10:48:00Z,freelancer,survey,Manchester,business_basic,search,2,monthly,I need a quiet-call filter because I keep opening listings one by one. This happened twice this month.
FB-001038,2025-09-13T14:11:00Z,freelancer,account_team_note,Riyadh,business_basic,availability,3,first_time,Availability looked fine online and the operator had already blocked the room.
FB-001039,2026-01-28T06:08:00Z,coworking_operator,app_review,Islamabad,operator,operator_tools,2,first_time,"The calendar is usable, but bulk close is still limited for some inventory."
FB-001040,2025-12-27T10:03:00Z,small_business,in_app_feedback,Remote,business_basic,support,3,occasional,Support was helpful and solved the issue on the first reply. Support eventually sorted it out.
FB-001041,2026-04-12T11:30:00Z,small_business,account_team_note,Remote,business_basic,accounts,2,first_time,Our employees keep asking which payment method will be charged. I use DeskNest most weeks.
FB-001042,2025-12-18T11:42:00Z,small_business,account_team_note,Dubai,individual,checkout,2,first_time,"The fee isn't huge, it just feels hidden until late in the process. Not a deal-breaker, just annoying."
FB-001043,2026-03-16T20:55:00Z,remote_employee,account_team_note,Lahore,individual,other,4,first_time,No comment.
FB-001044,2026-05-24T06:26:00Z,small_business,email_feedback,London,business_basic,booking_changes,2,first_time,"The refund was correct, but the rescheduling flow took too many steps. I noticed the same thing in another city."
FB-001045,2026-06-27T08:05:00Z,freelancer,interview_excerpt,Lahore,business_plus,availability,3,first_time,I don't trust the availability anymore because the same thing happened twice.
FB-001046,2026-04-06T22:09:00Z,small_business,interview_excerpt,Islamabad,individual,billing,3,occasional,Can the monthly statement be a proper invoice instead of just a booking summary?
FB-001047,2026-05-24T17:33:00Z,freelancer,app_review,Lahore,business_plus,search,2,first_time,The filters reset when I go back from a venue page. I mostly book same-day.
FB-001048,2026-01-14T04:36:00Z,freelancer,app_review,London,business_basic,availability,3,weekly,"The app showed a room available, but the venue said it was already booked."
FB-001049,2025-08-28T11:40:00Z,remote_employee,account_team_note,Manchester,individual,other,5,monthly,No comment.
FB-001050,2025-10-03T14:56:00Z,remote_employee,app_review,Karachi,business_basic,other,5,occasional,I accidentally gave the wrong rating.
FB-001051,2026-01-11T18:28:00Z,small_business,in_app_feedback,Islamabad,operator,confirmation,1,first_time,"The booking was confirmed in the app but the email came twenty minutes later. Not a deal-breaker, just annoying."
FB-001052,2026-01-15T18:51:00Z,coworking_operator,interview_excerpt,London,business_plus,availability,2,first_time,"The space disappeared between search and checkout, which was frustrating. I use DeskNest most weeks."
FB-001053,2025-09-11T13:01:00Z,remote_employee,support_ticket,Riyadh,operator,general,4,occasional,The operator dashboard is much easier than our old spreadsheet. This is the main reason I'd hesitate to book again.
FB-001054,2025-09-15T17:52:00Z,remote_employee,survey,Remote,business_basic,booking_changes,3,first_time,"The refund was correct, but the rescheduling flow took too many steps. My colleague had a similar issue last week."
FB-001055,2025-11-10T20:32:00Z,freelancer,account_team_note,Remote,operator,booking_changes,3,monthly,Changing the booking time should be easier than cancelling and starting again. My colleague had a similar issue last week.
FB-001056,2025-10-21T22:06:00Z,remote_employee,survey,Islamabad,business_basic,billing,1,weekly,The billing address was wrong and I couldn't correct it myself after booking. My colleague had a similar issue last week.
FB-001057,2025-11-03T09:09:00Z,small_business,support_ticket,Manchester,business_plus,confirmation,2,first_time,"The push notification arrived right away, but email was delayed. It worked the next time, but I still don't trust it."
FB-001058,2026-05-27T11:19:00Z,freelancer,support_ticket,Islamabad,business_basic,search,2,weekly,"I want to filter for desks with an external monitor, not just venues that have monitors somewhere. I use DeskNest most weeks."
FB-001059,2025-10-06T14:31:00Z,remote_employee,account_team_note,London,business_plus,other,4,monthly,Can someone call me?
FB-001060,2026-05-23T10:04:00Z,freelancer,survey,Riyadh,operator,search,1,occasional,I need a quiet-call filter because I keep opening listings one by one. This mattered more because I was already late for a meeting.
FB-001061,2025-12-17T11:38:00Z,small_business,email_feedback,Manchester,business_basic,availability,1,monthly,Availability looked fine online and the operator had already blocked the room. Support eventually sorted it out.
FB-001062,2026-07-15T23:01:00Z,small_business,support_ticket,Manchester,business_plus,other,2,first_time,The coffee at the venue was excellent.
FB-001063,2026-02-12T20:05:00Z,freelancer,account_team_note,Lahore,individual,general,4,monthly,The map and date search make last-minute booking easy. Maybe this was specific to one venue.
FB-001064,2026-02-05T23:19:00Z,freelancer,interview_excerpt,Remote,operator,checkout,1,weekly,"The fee isn't huge, it just feels hidden until late in the process. I noticed the same thing in another city."
FB-001065,2026-08-05T02:36:00Z,small_business,survey,Lahore,individual,billing,2,first_time,I need the company name and tax details on the invoice. I mostly book same-day.
FB-001066,2025-09-19T01:06:00Z,freelancer,in_app_feedback,Riyadh,operator,confirmation,2,monthly,I received two confirmation emails for the same booking. I mostly book same-day.
FB-001067,2025-12-15T09:19:00Z,freelancer,support_ticket,Lahore,operator,search,2,weekly,The neighborhood filter is too broad for where I actually need to work.
FB-001068,2025-09-28T21:36:00Z,freelancer,email_feedback,Dubai,operator,general,5,weekly,Confirmation was immediate and the venue had everything listed. This mattered more because I was already late for a meeting.
FB-001069,2025-09-14T21:26:00Z,small_business,app_review,Islamabad,business_basic,booking_changes,2,occasional,We had to cancel the whole room because two attendees changed. I mostly book same-day.
FB-001070,2025-12-31T09:19:00Z,remote_employee,email_feedback,Remote,business_plus,billing,1,occasional,The billing address was wrong and I couldn't correct it myself after booking. The first booking was fine and the second one wasn't.
FB-001071,2026-07-11T16:23:00Z,small_business,app_review,Remote,operator,accounts,2,occasional,I want a clearer indicator when I'm booking under the company account. I mostly book same-day.
FB-001072,2026-03-12T08:54:00Z,coworking_operator,interview_excerpt,Riyadh,business_basic,operator_tools,1,occasional,I need clearer confirmation that an inventory block actually saved. Support eventually sorted it out.
FB-001073,2025-09-20T02:36:00Z,freelancer,account_team_note,Riyadh,operator,accounts,3,monthly,Our employees keep asking which payment method will be charged.
FB-001074,2026-07-06T22:40:00Z,freelancer,support_ticket,Manchester,business_basic,venue,3,first_time,The venue was clean and exactly as described. Our team has around eight people.
FB-001075,2026-01-24T11:00:00Z,remote_employee,support_ticket,Islamabad,business_basic,venue,2,first_time,The monitor in the photos wasn't available at my desk.
FB-001076,2025-08-05T22:03:00Z,coworking_operator,email_feedback,Riyadh,business_basic,operator_tools,2,monthly,"The calendar is usable, but bulk close is still limited for some inventory. I use DeskNest most weeks."
FB-001077,2026-01-20T11:03:00Z,remote_employee,app_review,Riyadh,operator,search,3,first_time,"Search is quick, but comparing amenities across venues takes too long. The first booking was fine and the second one wasn't."
FB-001078,2026-06-06T03:36:00Z,remote_employee,interview_excerpt,Manchester,business_basic,availability,2,occasional,"The app showed a room available, but the venue said it was already booked. Maybe this was specific to one venue."
FB-001079,2026-05-13T00:13:00Z,company_admin,survey,London,individual,support,2,weekly,"Support fixed it, but I had to explain the same booking problem twice. This happened twice this month."
FB-001080,2026-01-18T02:29:00Z,small_business,interview_excerpt,Riyadh,individual,checkout,1,first_time,"The fee isn't huge, it just feels hidden until late in the process."
FB-001081,2025-08-29T11:55:00Z,remote_employee,account_team_note,Islamabad,business_plus,venue,3,first_time,The monitor in the photos wasn't available at my desk. I mostly book same-day.
FB-001082,2026-04-24T03:12:00Z,coworking_operator,account_team_note,London,individual,operator_tools,2,weekly,Availability sometimes takes too long to reflect a change we made in the portal. I noticed the same thing in another city.
FB-001083,2026-04-26T07:33:00Z,freelancer,survey,Dubai,individual,availability,2,weekly,"I don't trust the availability anymore because the same thing happened twice. Not a deal-breaker, just annoying."
FB-001084,2025-11-14T03:54:00Z,freelancer,support_ticket,Lahore,business_basic,support,2,monthly,"Support fixed it, but I had to explain the same booking problem twice. Maybe this was specific to one venue."
FB-001085,2026-07-23T19:14:00Z,remote_employee,in_app_feedback,Riyadh,business_basic,confirmation,2,occasional,I received two confirmation emails for the same booking.
FB-001086,2026-03-07T13:08:00Z,remote_employee,account_team_note,Lahore,business_basic,accounts,2,occasional,"I like having both accounts, I just want the switch to be more obvious. I mostly book same-day."
FB-001087,2026-02-19T06:48:00Z,company_admin,support_ticket,Dubai,individual,billing,3,weekly,Can the monthly statement be a proper invoice instead of just a booking summary? This happened twice this month.
FB-001088,2026-03-23T22:25:00Z,freelancer,app_review,Islamabad,business_basic,venue,2,monthly,The space was much noisier than the listing made it sound. I mostly book same-day.
FB-001089,2026-03-05T00:03:00Z,small_business,app_review,Remote,operator,confirmation,2,monthly,I booked again because the first confirmation never showed up in my inbox.
FB-001090,2026-06-04T04:40:00Z,freelancer,app_review,Riyadh,business_plus,availability,2,monthly,"My booking existed, but the venue said their calendar had something different."
FB-001091,2026-08-09T15:11:00Z,small_business,support_ticket,Dubai,business_basic,billing,1,weekly,The billing address was wrong and I couldn't correct it myself after booking.
FB-001092,2025-09-02T02:04:00Z,freelancer,survey,London,business_plus,general,5,monthly,I found a desk near the station and booked it in under two minutes. I mostly book same-day.
FB-001093,2026-03-05T15:17:00Z,company_admin,app_review,Remote,operator,billing,2,weekly,Can the monthly statement be a proper invoice instead of just a booking summary? Maybe this was specific to one venue.
FB-001094,2025-12-28T21:48:00Z,small_business,support_ticket,Riyadh,business_plus,availability,1,weekly,"My booking existed, but the venue said their calendar had something different."
FB-001095,2026-06-28T16:03:00Z,small_business,in_app_feedback,Manchester,operator,search,1,first_time,The neighborhood filter is too broad for where I actually need to work.
FB-001096,2026-04-14T16:51:00Z,small_business,in_app_feedback,Lahore,individual,general,4,monthly,The map and date search make last-minute booking easy. This mattered more because I was already late for a meeting.
FB-001097,2025-10-20T18:35:00Z,company_admin,account_team_note,Islamabad,operator,booking_changes,3,monthly,"We had to cancel the whole room because two attendees changed. Not a deal-breaker, just annoying."
FB-001098,2025-08-13T03:21:00Z,freelancer,account_team_note,Islamabad,business_basic,refunds,2,monthly,"The refund was approved, but it took several days to show in my bank. This mattered more because I was already late for a meeting."
FB-001099,2025-09-15T04:29:00Z,small_business,interview_excerpt,Remote,operator,billing,3,occasional,Our office manager wants one place to see all team booking charges. This happened twice this month.
FB-001100,2026-04-10T03:15:00Z,freelancer,email_feedback,Manchester,business_basic,search,3,occasional,I need a quiet-call filter because I keep opening listings one by one.
FB-001101,2025-08-01T03:26:00Z,freelancer,interview_excerpt,Lahore,business_basic,checkout,2,weekly,It would help to show an all-in price in search results. This happened twice this month.
FB-001102,2026-04-04T12:53:00Z,company_admin,account_team_note,Manchester,individual,availability,2,occasional,"The app showed a room available, but the venue said it was already booked. Not a deal-breaker, just annoying."
FB-001103,2025-08-09T03:16:00Z,small_business,interview_excerpt,Remote,individual,availability,1,weekly,I don't trust the availability anymore because the same thing happened twice. I use DeskNest most weeks.
FB-001104,2026-03-14T05:06:00Z,small_business,account_team_note,Islamabad,business_basic,availability,2,first_time,"The app showed a room available, but the venue said it was already booked."
FB-001105,2026-02-08T03:36:00Z,company_admin,app_review,Manchester,operator,support,4,first_time,"The answer was good, but it took almost a day. It worked the next time, but I still don't trust it."
FB-001106,2026-06-01T15:32:00Z,remote_employee,app_review,London,operator,billing,3,monthly,"Our finance team needs one invoice for the whole month, not twenty separate receipts. Our team has around eight people."
FB-001107,2026-03-22T06:59:00Z,coworking_operator,email_feedback,Riyadh,business_basic,operator_tools,2,monthly,"When we have maintenance, updating every desk separately is painful."
FB-001108,2025-11-14T21:49:00Z,coworking_operator,app_review,Remote,individual,support,2,monthly,"Support was helpful and solved the issue on the first reply. Not a deal-breaker, just annoying."
FB-001109,2025-12-26T06:04:00Z,freelancer,support_ticket,Riyadh,individual,checkout,2,first_time,The workspace price looked good until the extra fee appeared. Maybe this was specific to one venue.
FB-001110,2026-01-31T19:24:00Z,coworking_operator,interview_excerpt,Remote,operator,operator_tools,3,monthly,Availability sometimes takes too long to reflect a change we made in the portal. I use DeskNest most weeks.
FB-001111,2026-01-10T08:24:00Z,freelancer,app_review,Lahore,business_plus,search,2,weekly,I wish the app remembered my usual filters. Our team has around eight people.
FB-001112,2026-07-17T11:14:00Z,freelancer,support_ticket,Karachi,business_basic,booking_changes,2,weekly,We had to cancel the whole room because two attendees changed. This happened twice this month.
FB-001113,2026-06-28T22:01:00Z,remote_employee,app_review,Lahore,business_plus,refunds,3,first_time,"Support said the refund was sent, but I couldn't see it yet. I mostly book same-day."
FB-001114,2026-03-18T03:56:00Z,small_business,support_ticket,Remote,operator,billing,1,occasional,"The receipt works for me personally, but not for our accounts team."
FB-001115,2026-01-13T00:08:00Z,company_admin,in_app_feedback,Karachi,operator,checkout,2,first_time,The total changed enough at checkout that I went back to compare venues. I use DeskNest most weeks.
FB-001116,2025-08-10T19:42:00Z,remote_employee,account_team_note,Karachi,business_basic,venue,3,first_time,The monitor in the photos wasn't available at my desk. I mostly book same-day.
FB-001117,2026-03-26T19:30:00Z,small_business,interview_excerpt,London,business_plus,billing,3,occasional,I need the company name and tax details on the invoice. Our team has around eight people.
FB-001118,2025-11-14T18:39:00Z,small_business,account_team_note,Islamabad,individual,booking_changes,3,weekly,I want to move a booking to another time without losing the room. Support eventually sorted it out.
FB-001119,2026-06-09T19:52:00Z,coworking_operator,email_feedback,Riyadh,individual,operator_tools,2,weekly,Inventory edits take longer than pricing edits.
FB-001120,2025-12-08T22:03:00Z,remote_employee,account_team_note,Lahore,business_basic,booking_changes,3,occasional,"The refund was correct, but the rescheduling flow took too many steps."
FB-001121,2025-10-11T23:11:00Z,coworking_operator,survey,Lahore,business_plus,confirmation,3,first_time,I thought the booking failed because I didn't get a confirmation email.
FB-001122,2025-09-13T20:47:00Z,small_business,support_ticket,London,business_plus,search,2,first_time,"The filters reset when I go back from a venue page. It worked the next time, but I still don't trust it."
FB-001123,2025-10-21T11:29:00Z,coworking_operator,in_app_feedback,Dubai,business_plus,operator_tools,2,monthly,"I need clearer confirmation that an inventory block actually saved. It worked the next time, but I still don't trust it."
FB-001124,2026-04-10T15:22:00Z,small_business,email_feedback,Lahore,business_basic,accounts,2,weekly,It should be easier to separate personal receipts from work receipts. This mattered more because I was already late for a meeting.
FB-001125,2026-02-04T14:35:00Z,remote_employee,email_feedback,London,individual,confirmation,1,monthly,I booked again because the first confirmation never showed up in my inbox.
FB-001126,2026-06-11T17:08:00Z,freelancer,account_team_note,Manchester,individual,availability,1,first_time,I had a confirmed booking and there wasn't actually a free room when I arrived. This happened twice this month.
FB-001127,2026-05-18T21:31:00Z,company_admin,survey,Islamabad,operator,billing,3,occasional,I need the company name and tax details on the invoice.
FB-001128,2025-09-04T03:04:00Z,freelancer,interview_excerpt,Remote,business_plus,availability,2,monthly,"My booking existed, but the venue said their calendar had something different. I mostly book same-day."
FB-001129,2026-05-25T17:46:00Z,freelancer,app_review,Dubai,business_plus,search,1,monthly,"I want to filter for desks with an external monitor, not just venues that have monitors somewhere."
FB-001130,2026-07-30T00:53:00Z,remote_employee,support_ticket,Manchester,operator,availability,2,monthly,"The app showed a room available, but the venue said it was already booked. I noticed the same thing in another city."
FB-001131,2026-03-13T15:57:00Z,remote_employee,support_ticket,Riyadh,individual,venue,3,occasional,"Reception was helpful, but the access instructions in the app were outdated. Maybe this was specific to one venue."
FB-001132,2025-08-30T22:28:00Z,freelancer,interview_excerpt,Dubai,individual,search,2,occasional,The neighborhood filter is too broad for where I actually need to work. This mattered more because I was already late for a meeting.
FB-001133,2026-04-09T22:35:00Z,remote_employee,email_feedback,Dubai,operator,refunds,3,monthly,I want the app to show where the refund is in the process.
FB-001134,2026-08-07T11:35:00Z,freelancer,app_review,Lahore,business_basic,general,5,occasional,"I use DeskNest every week because it saves me calling venues. Not a deal-breaker, just annoying."
FB-001135,2025-09-11T23:25:00Z,freelancer,account_team_note,Remote,business_plus,checkout,1,first_time,The service fee should be clearer before the final checkout screen. Maybe this was specific to one venue.
FB-001136,2025-10-04T02:37:00Z,freelancer,email_feedback,Islamabad,operator,accounts,2,first_time,Switching between my personal bookings and company bookings is confusing. This is the main reason I'd hesitate to book again.
FB-001137,2025-08-09T11:21:00Z,small_business,app_review,Dubai,business_basic,billing,2,first_time,"Our finance team needs one invoice for the whole month, not twenty separate receipts. The first booking was fine and the second one wasn't."
FB-001138,2026-02-06T06:20:00Z,remote_employee,app_review,Remote,business_plus,accounts,1,first_time,Our employees keep asking which payment method will be charged. I use DeskNest most weeks.
FB-001139,2025-12-09T18:53:00Z,company_admin,email_feedback,Karachi,operator,general,4,first_time,"I use DeskNest every week because it saves me calling venues. Not a deal-breaker, just annoying."
FB-001140,2026-05-06T22:18:00Z,small_business,survey,Riyadh,operator,search,3,first_time,I wish the app remembered my usual filters. Our team has around eight people.
FB-001141,2026-02-24T00:51:00Z,freelancer,in_app_feedback,Karachi,business_basic,venue,5,first_time,"Reception was helpful, but the access instructions in the app were outdated."
FB-001142,2026-04-17T16:29:00Z,small_business,in_app_feedback,Manchester,business_basic,billing,3,occasional,Our office manager wants one place to see all team booking charges. This happened twice this month.
FB-001143,2026-03-23T11:55:00Z,freelancer,support_ticket,Riyadh,business_basic,checkout,1,first_time,"I don't mind paying the fee, but I want to see it earlier."
FB-001144,2026-01-15T13:52:00Z,remote_employee,interview_excerpt,Manchester,operator,billing,1,occasional,Our office manager wants one place to see all team booking charges. This happened twice this month.
FB-001145,2025-11-30T09:31:00Z,freelancer,support_ticket,Remote,business_plus,accounts,2,occasional,I want a clearer indicator when I'm booking under the company account. My colleague had a similar issue last week.
FB-001146,2026-05-27T14:53:00Z,coworking_operator,interview_excerpt,London,operator,operator_tools,3,first_time,I need clearer confirmation that an inventory block actually saved. I mostly book same-day.
FB-001147,2026-01-30T11:38:00Z,small_business,in_app_feedback,Manchester,business_plus,billing,1,occasional,We spend too much time downloading one document per booking. This mattered more because I was already late for a meeting.
FB-001148,2025-10-13T13:47:00Z,remote_employee,app_review,Islamabad,individual,search,2,monthly,"I want to filter for desks with an external monitor, not just venues that have monitors somewhere. This is the main reason I'd hesitate to book again."
FB-001149,2026-04-02T03:57:00Z,remote_employee,survey,Lahore,business_basic,availability,2,occasional,I had a confirmed booking and there wasn't actually a free room when I arrived. This is the main reason I'd hesitate to book again.
FB-001150,2025-11-04T10:50:00Z,remote_employee,email_feedback,Manchester,individual,refunds,2,weekly,"Support said the refund was sent, but I couldn't see it yet."
FB-001151,2026-06-04T06:26:00Z,remote_employee,account_team_note,Dubai,business_basic,support,2,occasional,I wish support could see the earlier refund conversation without asking again. This happened twice this month.
FB-001152,2026-05-30T01:57:00Z,freelancer,account_team_note,Dubai,business_basic,booking_changes,2,weekly,"The refund was correct, but the rescheduling flow took too many steps."
FB-001153,2025-08-28T06:32:00Z,small_business,survey,Dubai,individual,booking_changes,2,weekly,We had to cancel the whole room because two attendees changed. Maybe this was specific to one venue.
FB-001154,2026-01-23T18:54:00Z,coworking_operator,email_feedback,Remote,individual,operator_tools,1,monthly,The operator portal and what customers see don't always update at the same time. This is the main reason I'd hesitate to book again.
FB-001155,2026-05-09T04:18:00Z,company_admin,in_app_feedback,Dubai,operator,checkout,2,first_time,"I don't mind paying the fee, but I want to see it earlier. My colleague had a similar issue last week."
FB-001156,2026-08-11T12:24:00Z,company_admin,app_review,Riyadh,individual,accounts,2,first_time,I want a clearer indicator when I'm booking under the company account. I mostly book same-day.
FB-001157,2026-07-28T09:41:00Z,small_business,support_ticket,Islamabad,business_basic,availability,1,occasional,"My booking existed, but the venue said their calendar had something different. My colleague had a similar issue last week."
FB-001158,2026-05-15T12:30:00Z,remote_employee,support_ticket,Riyadh,operator,accounts,3,weekly,"It should be easier to separate personal receipts from work receipts. Not a deal-breaker, just annoying."
FB-001159,2026-02-04T18:53:00Z,small_business,account_team_note,Dubai,operator,availability,2,first_time,Availability looked fine online and the operator had already blocked the room. I mostly book same-day.
FB-001160,2025-10-17T16:32:00Z,coworking_operator,in_app_feedback,Manchester,individual,support,4,first_time,"The answer was good, but it took almost a day. I mostly book same-day."
FB-001161,2026-04-20T17:48:00Z,freelancer,survey,Riyadh,operator,confirmation,2,monthly,"The push notification arrived right away, but email was delayed. Not a deal-breaker, just annoying."
FB-001162,2025-12-19T14:01:00Z,small_business,account_team_note,London,business_basic,confirmation,2,occasional,I thought the booking failed because I didn't get a confirmation email. My colleague had a similar issue last week.
FB-001163,2026-05-02T05:41:00Z,company_admin,in_app_feedback,Islamabad,business_plus,availability,2,weekly,"The space disappeared between search and checkout, which was frustrating. I use DeskNest most weeks."
FB-001164,2026-07-22T03:59:00Z,remote_employee,email_feedback,London,operator,refunds,2,first_time,"The refund was approved, but it took several days to show in my bank. My colleague had a similar issue last week."
FB-001165,2026-03-09T20:34:00Z,remote_employee,support_ticket,Islamabad,business_basic,confirmation,2,weekly,"I thought the booking failed because I didn't get a confirmation email. It worked the next time, but I still don't trust it."
FB-001166,2026-06-20T18:47:00Z,remote_employee,survey,Dubai,operator,search,3,occasional,"Search is quick, but comparing amenities across venues takes too long. I mostly book same-day."
FB-001167,2026-06-27T22:59:00Z,remote_employee,support_ticket,London,operator,availability,2,weekly,"The space disappeared between search and checkout, which was frustrating."
FB-001168,2025-11-06T14:41:00Z,freelancer,email_feedback,Riyadh,individual,availability,2,occasional,"The space disappeared between search and checkout, which was frustrating. I use DeskNest most weeks."
FB-001169,2026-06-08T19:44:00Z,remote_employee,app_review,London,business_plus,venue,3,first_time,The venue was clean and exactly as described. My colleague had a similar issue last week.
FB-001170,2026-05-21T13:14:00Z,remote_employee,survey,Manchester,business_plus,accounts,1,occasional,I accidentally used my personal card for a work booking.
FB-001171,2026-02-23T20:43:00Z,remote_employee,interview_excerpt,Manchester,business_basic,confirmation,3,occasional,The booking was confirmed in the app but the email came twenty minutes later. This is the main reason I'd hesitate to book again.
FB-001172,2026-07-18T22:34:00Z,company_admin,support_ticket,Islamabad,individual,booking_changes,3,weekly,I want to move a booking to another time without losing the room.
FB-001173,2026-01-14T02:20:00Z,remote_employee,account_team_note,Manchester,business_basic,billing,2,monthly,I need the company name and tax details on the invoice. The first booking was fine and the second one wasn't.
FB-001174,2026-08-10T07:14:00Z,freelancer,account_team_note,Islamabad,business_basic,other,5,weekly,The coffee at the venue was excellent.
FB-001175,2026-08-04T18:09:00Z,coworking_operator,app_review,Manchester,business_basic,operator_tools,2,weekly,Blocking twenty desks one by one for a private event is too slow. This happened twice this month.
FB-001176,2025-09-24T07:58:00Z,freelancer,support_ticket,Dubai,business_basic,refunds,2,first_time,I wasn't sure whether the refund was partial or still pending.
FB-001177,2025-12-23T16:43:00Z,small_business,email_feedback,London,business_basic,confirmation,2,first_time,"I received two confirmation emails for the same booking. Not a deal-breaker, just annoying."
FB-001178,2025-12-05T15:00:00Z,coworking_operator,app_review,Dubai,business_basic,operator_tools,1,monthly,I want to copy the same closure to multiple workspace types. Support eventually sorted it out.
FB-001179,2025-08-10T17:31:00Z,company_admin,email_feedback,Islamabad,business_basic,accounts,3,first_time,"The company allowance is useful, but I sometimes lose track of which profile I'm using. This is the main reason I'd hesitate to book again."
FB-001180,2026-05-28T16:12:00Z,freelancer,app_review,Manchester,operator,general,5,occasional,Our team booked a room for eight people without needing support.
FB-001181,2025-11-12T17:55:00Z,coworking_operator,survey,Manchester,business_plus,operator_tools,2,first_time,Blocking twenty desks one by one for a private event is too slow. I noticed the same thing in another city.
FB-001182,2026-03-10T16:44:00Z,remote_employee,support_ticket,London,operator,confirmation,3,first_time,"The push notification arrived right away, but email was delayed."
FB-001183,2026-07-22T19:12:00Z,coworking_operator,app_review,Dubai,operator,operator_tools,2,monthly,Availability sometimes takes too long to reflect a change we made in the portal. Our team has around eight people.
FB-001184,2025-10-07T06:06:00Z,company_admin,in_app_feedback,Islamabad,individual,checkout,2,weekly,The workspace price looked good until the extra fee appeared. The first booking was fine and the second one wasn't.
FB-001185,2026-03-20T19:41:00Z,freelancer,email_feedback,Remote,business_basic,booking_changes,3,occasional,We had to cancel the whole room because two attendees changed.
FB-001186,2026-04-01T08:13:00Z,small_business,interview_excerpt,Riyadh,individual,search,3,first_time,"I can find a desk, but it's hard to tell which ones allow calls. Maybe this was specific to one venue."
FB-001187,2026-03-25T23:35:00Z,remote_employee,in_app_feedback,Karachi,individual,accounts,3,monthly,"The company allowance is useful, but I sometimes lose track of which profile I'm using."
FB-001188,2026-05-08T13:38:00Z,small_business,survey,Lahore,individual,billing,2,first_time,The billing address was wrong and I couldn't correct it myself after booking. I mostly book same-day.
FB-001189,2025-08-04T10:33:00Z,small_business,survey,London,business_basic,accounts,3,weekly,"The company allowance is useful, but I sometimes lose track of which profile I'm using. This happened twice this month."
FB-001190,2026-03-27T00:31:00Z,freelancer,support_ticket,Islamabad,operator,refunds,1,monthly,"The refund was approved, but it took several days to show in my bank."
FB-001191,2026-03-15T01:20:00Z,company_admin,in_app_feedback,London,individual,confirmation,2,monthly,I thought the booking failed because I didn't get a confirmation email. This mattered more because I was already late for a meeting.
FB-001192,2026-01-16T23:22:00Z,freelancer,interview_excerpt,Riyadh,business_basic,availability,2,monthly,"My booking existed, but the venue said their calendar had something different."
FB-001193,2026-08-06T03:10:00Z,freelancer,interview_excerpt,Dubai,individual,venue,2,first_time,The room was smaller than it looked in the photos.
FB-001194,2025-09-08T11:46:00Z,freelancer,support_ticket,Lahore,business_basic,confirmation,2,first_time,"The booking was confirmed in the app but the email came twenty minutes later. Not a deal-breaker, just annoying."
FB-001195,2026-04-11T13:10:00Z,company_admin,in_app_feedback,Karachi,business_basic,billing,1,occasional,Can the monthly statement be a proper invoice instead of just a booking summary? This is the main reason I'd hesitate to book again.
FB-001196,2025-12-11T20:08:00Z,remote_employee,interview_excerpt,Manchester,business_basic,general,5,weekly,The map and date search make last-minute booking easy. I use DeskNest most weeks.
FB-001197,2025-10-19T01:53:00Z,company_admin,account_team_note,Karachi,business_basic,billing,2,first_time,The billing address was wrong and I couldn't correct it myself after booking. Our team has around eight people.
FB-001198,2025-10-09T01:59:00Z,small_business,app_review,Manchester,business_plus,billing,2,occasional,Can the monthly statement be a proper invoice instead of just a booking summary? The first booking was fine and the second one wasn't.
FB-001199,2026-06-20T10:40:00Z,freelancer,account_team_note,Remote,operator,accounts,3,occasional,"The company allowance is useful, but I sometimes lose track of which profile I'm using."
FB-001200,2026-07-04T18:19:00Z,small_business,in_app_feedback,Remote,business_plus,accounts,3,occasional,Our employees keep asking which payment method will be charged. Maybe this was specific to one venue.
FB-001201,2026-06-21T07:20:00Z,coworking_operator,email_feedback,Manchester,individual,operator_tools,3,weekly,I need clearer confirmation that an inventory block actually saved.
FB-001202,2026-06-22T18:22:00Z,company_admin,account_team_note,Manchester,operator,checkout,2,first_time,"The fee isn't huge, it just feels hidden until late in the process."
FB-001203,2026-06-04T22:31:00Z,remote_employee,support_ticket,Riyadh,business_basic,billing,1,first_time,"The receipt works for me personally, but not for our accounts team."
FB-001204,2026-02-18T08:11:00Z,small_business,account_team_note,Lahore,business_plus,support,3,occasional,I had three channels open for the same issue and wasn't sure which one was current.
FB-001205,2025-12-14T08:14:00Z,small_business,survey,Manchester,operator,billing,3,first_time,"The receipt works for me personally, but not for our accounts team. The first booking was fine and the second one wasn't."
FB-001206,2025-11-21T19:55:00Z,remote_employee,in_app_feedback,Karachi,business_plus,billing,2,first_time,"The receipt works for me personally, but not for our accounts team. Not a deal-breaker, just annoying."
FB-001207,2026-05-18T05:16:00Z,small_business,support_ticket,London,individual,billing,2,occasional,The billing address was wrong and I couldn't correct it myself after booking. This mattered more because I was already late for a meeting.
FB-001208,2025-11-02T16:06:00Z,freelancer,support_ticket,Lahore,business_plus,confirmation,1,occasional,I received two confirmation emails for the same booking. This mattered more because I was already late for a meeting.
FB-001209,2026-06-23T12:13:00Z,freelancer,survey,Remote,business_basic,checkout,2,first_time,The total changed enough at checkout that I went back to compare venues. Support eventually sorted it out.
FB-001210,2026-08-03T15:51:00Z,remote_employee,in_app_feedback,Islamabad,business_basic,booking_changes,2,weekly,"The refund was correct, but the rescheduling flow took too many steps. I use DeskNest most weeks."
FB-001211,2025-08-14T09:31:00Z,freelancer,app_review,Remote,operator,search,2,monthly,"I can find a desk, but it's hard to tell which ones allow calls. This is the main reason I'd hesitate to book again."
FB-001212,2026-03-20T06:31:00Z,coworking_operator,email_feedback,Dubai,business_plus,general,4,monthly,I found a desk near the station and booked it in under two minutes. This mattered more because I was already late for a meeting.
FB-001213,2025-11-09T11:47:00Z,small_business,support_ticket,Remote,business_basic,general,5,monthly,Our team booked a room for eight people without needing support. This mattered more because I was already late for a meeting.
FB-001214,2025-08-13T21:00:00Z,remote_employee,interview_excerpt,Manchester,individual,support,4,weekly,"I wish support could see the earlier refund conversation without asking again. It worked the next time, but I still don't trust it."
FB-001215,2026-05-26T15:06:00Z,freelancer,app_review,Manchester,individual,venue,3,monthly,The listing should say whether phone calls are allowed in the open area. Support eventually sorted it out.
FB-001216,2026-05-02T08:58:00Z,remote_employee,survey,Riyadh,business_basic,search,2,monthly,The filters reset when I go back from a venue page. I use DeskNest most weeks.
FB-001217,2025-11-08T17:47:00Z,small_business,account_team_note,Karachi,business_plus,availability,2,monthly,"I don't trust the availability anymore because the same thing happened twice. Not a deal-breaker, just annoying."
FB-001218,2025-12-27T07:32:00Z,remote_employee,account_team_note,Karachi,operator,general,4,monthly,The map and date search make last-minute booking easy. Our team has around eight people.
FB-001219,2025-10-15T20:25:00Z,remote_employee,email_feedback,Manchester,business_basic,general,5,monthly,The booking flow is fast when I already know the area. I noticed the same thing in another city.
FB-001220,2025-09-28T14:51:00Z,freelancer,support_ticket,Riyadh,operator,availability,1,first_time,I don't trust the availability anymore because the same thing happened twice.
FB-001221,2026-01-05T02:25:00Z,small_business,app_review,Islamabad,business_plus,accounts,3,weekly,"The company allowance is useful, but I sometimes lose track of which profile I'm using."
FB-001222,2025-10-05T05:05:00Z,small_business,email_feedback,Manchester,individual,billing,2,first_time,Our office manager wants one place to see all team booking charges. Maybe this was specific to one venue.
FB-001223,2025-11-10T00:31:00Z,company_admin,survey,Islamabad,business_basic,confirmation,2,occasional,"The push notification arrived right away, but email was delayed. Maybe this was specific to one venue."
FB-001224,2026-07-05T01:40:00Z,small_business,support_ticket,Islamabad,operator,search,2,first_time,"Search is quick, but comparing amenities across venues takes too long. It worked the next time, but I still don't trust it."
FB-001225,2026-01-23T14:46:00Z,freelancer,account_team_note,Karachi,individual,general,5,monthly,The operator dashboard is much easier than our old spreadsheet.
FB-001226,2025-09-02T05:02:00Z,freelancer,interview_excerpt,Remote,operator,venue,2,weekly,"Reception was helpful, but the access instructions in the app were outdated. I use DeskNest most weeks."
FB-001227,2026-06-19T20:24:00Z,freelancer,app_review,London,business_plus,refunds,3,weekly,"The cancellation went through quickly, but the money took longer. This happened twice this month."
FB-001228,2026-01-25T23:27:00Z,freelancer,email_feedback,Riyadh,individual,search,1,occasional,"I wish the app remembered my usual filters. It worked the next time, but I still don't trust it."
FB-001229,2026-05-22T07:55:00Z,freelancer,account_team_note,London,business_plus,booking_changes,1,occasional,I want to move a booking to another time without losing the room. My colleague had a similar issue last week.
FB-001230,2026-01-28T11:58:00Z,remote_employee,interview_excerpt,Remote,individual,accounts,3,first_time,Our employees keep asking which payment method will be charged. Maybe this was specific to one venue.
FB-001231,2025-11-30T18:57:00Z,freelancer,survey,Islamabad,business_plus,availability,2,weekly,"The space disappeared between search and checkout, which was frustrating. It worked the next time, but I still don't trust it."
FB-001232,2026-03-25T18:22:00Z,freelancer,survey,Islamabad,operator,venue,4,weekly,The listing should say whether phone calls are allowed in the open area. Support eventually sorted it out.
FB-001233,2026-04-21T06:08:00Z,remote_employee,in_app_feedback,Karachi,business_basic,general,5,occasional,The operator dashboard is much easier than our old spreadsheet. My colleague had a similar issue last week.
FB-001234,2025-10-10T10:44:00Z,freelancer,interview_excerpt,Lahore,individual,search,2,first_time,"Search is quick, but comparing amenities across venues takes too long. The first booking was fine and the second one wasn't."
FB-001235,2026-06-25T09:10:00Z,remote_employee,survey,Manchester,individual,availability,1,weekly,"My booking existed, but the venue said their calendar had something different. Our team has around eight people."
FB-001236,2026-07-01T00:55:00Z,freelancer,account_team_note,London,business_plus,refunds,3,monthly,I had to contact support just to confirm the refund was actually initiated. Support eventually sorted it out.
FB-001237,2025-08-02T13:55:00Z,remote_employee,in_app_feedback,Karachi,operator,billing,2,weekly,"I need the company name and tax details on the invoice. Not a deal-breaker, just annoying."
FB-001238,2025-11-25T12:49:00Z,remote_employee,account_team_note,Islamabad,business_basic,booking_changes,3,weekly,"The refund was correct, but the rescheduling flow took too many steps. Maybe this was specific to one venue."
FB-001239,2026-06-15T21:01:00Z,small_business,survey,Dubai,individual,availability,2,first_time,Availability looked fine online and the operator had already blocked the room.
FB-001240,2026-06-12T02:41:00Z,remote_employee,app_review,London,operator,general,5,first_time,"The booking flow is fast when I already know the area. Not a deal-breaker, just annoying."
FB-001241,2026-02-09T16:40:00Z,remote_employee,survey,Remote,individual,accounts,2,monthly,I accidentally used my personal card for a work booking. Support eventually sorted it out.
FB-001242,2026-03-12T21:23:00Z,freelancer,account_team_note,Remote,operator,checkout,2,first_time,The workspace price looked good until the extra fee appeared.
FB-001243,2025-08-08T11:11:00Z,small_business,account_team_note,Remote,individual,general,5,monthly,Our team booked a room for eight people without needing support. My colleague had a similar issue last week.
FB-001244,2025-09-15T17:43:00Z,remote_employee,support_ticket,Riyadh,individual,availability,2,occasional,"The space disappeared between search and checkout, which was frustrating. The first booking was fine and the second one wasn't."
FB-001245,2026-05-26T09:16:00Z,freelancer,survey,Riyadh,business_basic,support,3,weekly,I wish support could see the earlier refund conversation without asking again.
FB-001246,2026-05-21T11:49:00Z,freelancer,interview_excerpt,Remote,business_plus,confirmation,2,occasional,The app said pending for a few minutes even though the payment went through.
FB-001247,2025-09-07T21:02:00Z,small_business,account_team_note,Karachi,business_basic,billing,1,weekly,The billing address was wrong and I couldn't correct it myself after booking. I mostly book same-day.
FB-001248,2025-10-24T06:15:00Z,freelancer,account_team_note,London,individual,checkout,2,occasional,The workspace price looked good until the extra fee appeared.
FB-001249,2025-09-29T17:42:00Z,remote_employee,app_review,London,business_plus,search,2,first_time,The neighborhood filter is too broad for where I actually need to work.
FB-001250,2026-02-18T19:08:00Z,company_admin,support_ticket,Riyadh,operator,other,3,weekly,Can someone call me?
FB-001251,2026-06-12T15:27:00Z,small_business,in_app_feedback,Manchester,individual,accounts,2,weekly,It should be easier to separate personal receipts from work receipts. I use DeskNest most weeks.
FB-001252,2026-08-01T07:34:00Z,coworking_operator,survey,Manchester,operator,billing,3,first_time,"Our office manager wants one place to see all team booking charges. Not a deal-breaker, just annoying."
FB-001253,2026-02-08T20:03:00Z,remote_employee,support_ticket,Islamabad,operator,venue,5,monthly,The venue was clean and exactly as described. I noticed the same thing in another city.
FB-001254,2025-11-14T03:37:00Z,coworking_operator,account_team_note,Riyadh,individual,operator_tools,2,monthly,"When we have maintenance, updating every desk separately is painful. I noticed the same thing in another city."
FB-001255,2025-11-06T08:33:00Z,freelancer,interview_excerpt,Riyadh,business_plus,general,4,weekly,I found a desk near the station and booked it in under two minutes. My colleague had a similar issue last week.
FB-001256,2026-06-14T22:24:00Z,freelancer,app_review,Lahore,business_plus,venue,4,first_time,The monitor in the photos wasn't available at my desk.
FB-001257,2025-11-15T02:17:00Z,remote_employee,support_ticket,Manchester,individual,availability,2,occasional,"Availability looked fine online and the operator had already blocked the room. It worked the next time, but I still don't trust it."
FB-001258,2025-12-21T08:33:00Z,freelancer,survey,London,business_basic,checkout,3,occasional,"The fee isn't huge, it just feels hidden until late in the process. It worked the next time, but I still don't trust it."
FB-001259,2025-09-17T07:49:00Z,company_admin,app_review,Dubai,business_basic,search,2,first_time,"Search is quick, but comparing amenities across venues takes too long. Support eventually sorted it out."
FB-001260,2025-09-02T18:56:00Z,small_business,in_app_feedback,Riyadh,business_plus,availability,3,weekly,"The space disappeared between search and checkout, which was frustrating. This happened twice this month."
FB-001261,2026-04-13T09:23:00Z,remote_employee,survey,Remote,individual,search,2,occasional,"I want to filter for desks with an external monitor, not just venues that have monitors somewhere. This is the main reason I'd hesitate to book again."
FB-001262,2026-04-03T11:11:00Z,small_business,in_app_feedback,London,business_basic,booking_changes,1,weekly,It's not clear which bookings can be changed directly. Support eventually sorted it out.
FB-001263,2025-11-22T03:53:00Z,remote_employee,interview_excerpt,Karachi,individual,booking_changes,2,occasional,"For a team booking, changing one detail feels like rebuilding the whole thing. The first booking was fine and the second one wasn't."
FB-001264,2025-10-08T21:54:00Z,small_business,in_app_feedback,Remote,business_basic,venue,2,monthly,Wi-Fi was excellent and the desk matched the listing. I mostly book same-day.
FB-001265,2025-12-13T19:58:00Z,freelancer,interview_excerpt,Riyadh,individual,refunds,3,monthly,I had to contact support just to confirm the refund was actually initiated. My colleague had a similar issue last week.
FB-001266,2025-10-24T09:52:00Z,freelancer,interview_excerpt,London,business_plus,search,2,weekly,"Search is quick, but comparing amenities across venues takes too long. The first booking was fine and the second one wasn't."
FB-001267,2026-08-03T16:42:00Z,freelancer,survey,Karachi,operator,other,5,monthly,"Not sure yet, I only used it once."
FB-001268,2025-12-30T23:19:00Z,small_business,app_review,London,business_basic,availability,2,monthly,"Availability looked fine online and the operator had already blocked the room. Not a deal-breaker, just annoying."
FB-001269,2025-09-23T13:55:00Z,company_admin,in_app_feedback,Dubai,business_plus,accounts,2,first_time,Our employees keep asking which payment method will be charged.
FB-001270,2026-06-25T17:42:00Z,small_business,survey,Islamabad,business_basic,availability,2,first_time,Availability looked fine online and the operator had already blocked the room. My colleague had a similar issue last week.
FB-001271,2025-10-22T16:41:00Z,remote_employee,app_review,Islamabad,business_plus,booking_changes,3,monthly,"The refund was correct, but the rescheduling flow took too many steps."
FB-001272,2026-01-16T20:09:00Z,small_business,support_ticket,Dubai,business_plus,confirmation,3,first_time,I thought the booking failed because I didn't get a confirmation email. Support eventually sorted it out.
FB-001273,2025-11-24T10:48:00Z,remote_employee,survey,Lahore,individual,availability,2,first_time,I don't trust the availability anymore because the same thing happened twice.
FB-001274,2026-04-25T06:55:00Z,freelancer,interview_excerpt,London,business_basic,support,4,weekly,"Support fixed it, but I had to explain the same booking problem twice. My colleague had a similar issue last week."
FB-001275,2026-06-08T05:02:00Z,freelancer,survey,Lahore,business_plus,venue,4,first_time,"Reception was helpful, but the access instructions in the app were outdated. I use DeskNest most weeks."
FB-001276,2025-11-10T19:45:00Z,small_business,in_app_feedback,Remote,individual,availability,2,occasional,I don't trust the availability anymore because the same thing happened twice. My colleague had a similar issue last week.
FB-001277,2026-02-17T19:39:00Z,small_business,email_feedback,London,individual,availability,3,occasional,Availability looked fine online and the operator had already blocked the room.
FB-001278,2025-09-28T16:46:00Z,small_business,app_review,Islamabad,business_basic,other,4,monthly,The chairs were blue.
FB-001279,2025-08-01T23:10:00Z,coworking_operator,in_app_feedback,Riyadh,business_basic,general,4,first_time,Our team booked a room for eight people without needing support. Our team has around eight people.
FB-001280,2026-05-08T06:48:00Z,freelancer,interview_excerpt,Manchester,business_basic,support,3,first_time,"Support fixed it, but I had to explain the same booking problem twice. Our team has around eight people."
FB-001281,2025-08-30T03:56:00Z,remote_employee,in_app_feedback,Islamabad,individual,support,2,weekly,I had three channels open for the same issue and wasn't sure which one was current. I noticed the same thing in another city.
FB-001282,2026-04-18T18:05:00Z,remote_employee,survey,Karachi,individual,availability,1,first_time,Availability looked fine online and the operator had already blocked the room. I use DeskNest most weeks.
FB-001283,2025-10-14T13:15:00Z,company_admin,survey,Dubai,individual,support,4,first_time,Support was helpful and solved the issue on the first reply. This happened twice this month.
FB-001284,2025-09-24T13:10:00Z,freelancer,email_feedback,Dubai,business_plus,support,3,monthly,"The answer was good, but it took almost a day. I noticed the same thing in another city."
FB-001285,2025-10-30T17:27:00Z,coworking_operator,survey,Remote,business_plus,operator_tools,1,monthly,"Our local calendar showed the room blocked, but DeskNest still accepted a request. Support eventually sorted it out."
FB-001286,2026-04-26T12:05:00Z,remote_employee,survey,Manchester,individual,confirmation,1,occasional,The booking was confirmed in the app but the email came twenty minutes later. Support eventually sorted it out.
FB-001287,2026-04-08T21:22:00Z,freelancer,email_feedback,London,business_plus,confirmation,1,first_time,I received two confirmation emails for the same booking. The first booking was fine and the second one wasn't.
FB-001288,2026-05-12T07:05:00Z,coworking_operator,account_team_note,Islamabad,business_plus,support,3,occasional,"The answer was good, but it took almost a day. Support eventually sorted it out."
FB-001289,2025-10-23T15:14:00Z,small_business,email_feedback,Dubai,business_basic,general,5,first_time,Our team booked a room for eight people without needing support.
FB-001290,2026-06-04T15:36:00Z,small_business,survey,London,business_basic,search,3,occasional,The neighborhood filter is too broad for where I actually need to work. The first booking was fine and the second one wasn't.
FB-001291,2026-08-10T06:52:00Z,freelancer,account_team_note,Riyadh,individual,availability,3,occasional,"DeskNest said the desk was open, but reception told me they had no space. Not a deal-breaker, just annoying."
FB-001292,2025-11-15T18:16:00Z,coworking_operator,in_app_feedback,Dubai,individual,operator_tools,2,occasional,Blocking twenty desks one by one for a private event is too slow. Maybe this was specific to one venue.
FB-001293,2026-01-26T19:02:00Z,remote_employee,interview_excerpt,Riyadh,business_basic,availability,2,weekly,"My booking existed, but the venue said their calendar had something different. This happened twice this month."
FB-001294,2025-10-04T16:06:00Z,freelancer,in_app_feedback,Karachi,individual,support,4,occasional,"The agent was quick, but I had already sent the booking ID in the first message. I noticed the same thing in another city."
FB-001295,2026-05-07T19:15:00Z,small_business,account_team_note,London,business_basic,accounts,3,weekly,Switching between my personal bookings and company bookings is confusing.
FB-001296,2025-11-04T01:57:00Z,small_business,in_app_feedback,Manchester,operator,checkout,2,weekly,The workspace price looked good until the extra fee appeared. My colleague had a similar issue last week.
FB-001297,2026-06-12T21:33:00Z,small_business,interview_excerpt,Karachi,operator,checkout,1,weekly,"I don't mind paying the fee, but I want to see it earlier. It worked the next time, but I still don't trust it."
FB-001298,2025-12-15T18:01:00Z,small_business,app_review,Islamabad,individual,accounts,3,occasional,Our employees keep asking which payment method will be charged. This happened twice this month.
FB-001299,2025-10-04T13:20:00Z,remote_employee,survey,Remote,business_basic,general,5,weekly,The booking flow is fast when I already know the area.
FB-001300,2026-06-25T15:12:00Z,remote_employee,survey,Lahore,individual,search,3,monthly,I wish the app remembered my usual filters. Our team has around eight people.
FB-001301,2026-02-23T05:09:00Z,freelancer,support_ticket,Karachi,operator,checkout,2,first_time,It would help to show an all-in price in search results. Maybe this was specific to one venue.
FB-001302,2026-01-30T02:51:00Z,remote_employee,app_review,Karachi,operator,search,1,weekly,I wish the app remembered my usual filters.
FB-001303,2025-09-30T23:07:00Z,freelancer,survey,Islamabad,business_plus,refunds,2,first_time,"The cancellation went through quickly, but the money took longer."
FB-001304,2026-08-01T04:31:00Z,freelancer,in_app_feedback,Karachi,business_basic,availability,2,first_time,"My booking existed, but the venue said their calendar had something different. I use DeskNest most weeks."
FB-001305,2025-12-02T15:47:00Z,small_business,app_review,Islamabad,business_basic,booking_changes,2,weekly,I couldn't see the cancellation rule until I went looking for it after booking.
FB-001306,2026-01-10T17:30:00Z,small_business,app_review,Remote,business_basic,booking_changes,2,weekly,We had to cancel the whole room because two attendees changed. I mostly book same-day.
FB-001307,2026-07-29T18:29:00Z,freelancer,in_app_feedback,Dubai,individual,general,5,first_time,Confirmation was immediate and the venue had everything listed. Support eventually sorted it out.
FB-001308,2026-07-04T23:14:00Z,freelancer,email_feedback,London,operator,confirmation,2,weekly,I booked again because the first confirmation never showed up in my inbox. Maybe this was specific to one venue.
FB-001309,2026-07-10T04:31:00Z,remote_employee,survey,Islamabad,operator,accounts,3,weekly,"The company allowance is useful, but I sometimes lose track of which profile I'm using. My colleague had a similar issue last week."
FB-001310,2026-03-23T15:34:00Z,coworking_operator,interview_excerpt,Islamabad,business_basic,operator_tools,2,monthly,Inventory edits take longer than pricing edits. The first booking was fine and the second one wasn't.
FB-001311,2026-02-28T11:55:00Z,freelancer,email_feedback,Remote,operator,search,1,weekly,"The neighborhood filter is too broad for where I actually need to work. It worked the next time, but I still don't trust it."
FB-001312,2026-07-26T05:58:00Z,small_business,account_team_note,Karachi,individual,billing,1,occasional,The billing address was wrong and I couldn't correct it myself after booking. Our team has around eight people.
FB-001313,2026-04-02T03:29:00Z,remote_employee,in_app_feedback,Islamabad,business_plus,search,2,weekly,"Search is quick, but comparing amenities across venues takes too long. Maybe this was specific to one venue."
FB-001314,2025-09-27T15:00:00Z,company_admin,email_feedback,Islamabad,business_plus,booking_changes,3,occasional,I couldn't see the cancellation rule until I went looking for it after booking. Maybe this was specific to one venue.
FB-001315,2026-03-17T15:26:00Z,small_business,survey,Manchester,business_basic,confirmation,3,monthly,I booked again because the first confirmation never showed up in my inbox. The first booking was fine and the second one wasn't.
FB-001316,2026-01-27T11:38:00Z,remote_employee,account_team_note,Riyadh,individual,other,5,occasional,I accidentally gave the wrong rating.
FB-001317,2025-09-12T19:58:00Z,small_business,account_team_note,Manchester,operator,availability,2,occasional,"DeskNest said the desk was open, but reception told me they had no space. The first booking was fine and the second one wasn't."
FB-001318,2026-05-24T01:39:00Z,freelancer,support_ticket,Lahore,individual,venue,3,weekly,"The space was much noisier than the listing made it sound. It worked the next time, but I still don't trust it."
FB-001319,2025-11-18T10:07:00Z,coworking_operator,support_ticket,Karachi,operator,support,2,monthly,I had three channels open for the same issue and wasn't sure which one was current. I noticed the same thing in another city.
FB-001320,2025-12-14T21:16:00Z,small_business,app_review,London,business_basic,accounts,2,weekly,"I like having both accounts, I just want the switch to be more obvious."
FB-001321,2026-01-16T08:53:00Z,freelancer,support_ticket,Islamabad,operator,accounts,2,first_time,"Our employees keep asking which payment method will be charged. It worked the next time, but I still don't trust it."
FB-001322,2026-04-11T07:36:00Z,freelancer,app_review,London,business_basic,checkout,3,occasional,"The final total was correct, but the pricing breakdown could be easier to scan. Support eventually sorted it out."
FB-001323,2025-08-01T04:17:00Z,freelancer,support_ticket,Islamabad,individual,confirmation,1,weekly,"The push notification arrived right away, but email was delayed. This mattered more because I was already late for a meeting."
FB-001324,2026-02-19T20:50:00Z,freelancer,support_ticket,Lahore,individual,checkout,1,weekly,It would help to show an all-in price in search results. Our team has around eight people.
FB-001325,2025-12-26T19:11:00Z,small_business,email_feedback,London,operator,general,5,weekly,The booking flow is fast when I already know the area. I mostly book same-day.
FB-001326,2026-07-17T21:46:00Z,freelancer,support_ticket,Dubai,business_plus,search,2,first_time,"I wish the app remembered my usual filters. It worked the next time, but I still don't trust it."
FB-001327,2026-01-04T02:40:00Z,coworking_operator,in_app_feedback,Riyadh,business_basic,availability,2,monthly,"DeskNest said the desk was open, but reception told me they had no space. Support eventually sorted it out."
FB-001328,2026-06-16T01:09:00Z,remote_employee,email_feedback,Dubai,individual,general,4,monthly,Confirmation was immediate and the venue had everything listed. Maybe this was specific to one venue.
FB-001329,2026-05-22T04:58:00Z,freelancer,in_app_feedback,Islamabad,individual,booking_changes,2,first_time,We had to cancel the whole room because two attendees changed. I mostly book same-day.
FB-001330,2026-01-25T00:15:00Z,remote_employee,support_ticket,Riyadh,operator,confirmation,1,first_time,I received two confirmation emails for the same booking.
FB-001331,2026-04-05T13:04:00Z,freelancer,support_ticket,Manchester,individual,accounts,1,monthly,I want a clearer indicator when I'm booking under the company account. I use DeskNest most weeks.
FB-001332,2025-08-12T05:10:00Z,small_business,app_review,Dubai,operator,booking_changes,1,first_time,Changing the booking time should be easier than cancelling and starting again.
FB-001333,2026-06-13T23:35:00Z,remote_employee,email_feedback,Islamabad,business_basic,search,3,first_time,"I want to filter for desks with an external monitor, not just venues that have monitors somewhere. I noticed the same thing in another city."
FB-001334,2026-03-03T21:00:00Z,remote_employee,email_feedback,Dubai,operator,confirmation,3,weekly,The booking was confirmed in the app but the email came twenty minutes later.
FB-001335,2025-12-13T11:30:00Z,company_admin,in_app_feedback,Islamabad,business_plus,billing,2,monthly,I need the company name and tax details on the invoice.
FB-001336,2025-09-03T06:10:00Z,small_business,in_app_feedback,Manchester,business_plus,availability,1,monthly,Availability looked fine online and the operator had already blocked the room. Support eventually sorted it out.
FB-001337,2026-07-19T14:59:00Z,freelancer,support_ticket,Islamabad,business_plus,general,4,monthly,The operator dashboard is much easier than our old spreadsheet. This happened twice this month.
FB-001338,2026-05-13T06:21:00Z,small_business,support_ticket,Karachi,business_basic,availability,2,occasional,"Availability looked fine online and the operator had already blocked the room. Not a deal-breaker, just annoying."
FB-001339,2026-05-14T15:11:00Z,small_business,survey,Riyadh,operator,billing,2,occasional,Can the monthly statement be a proper invoice instead of just a booking summary? I noticed the same thing in another city.
FB-001340,2026-03-30T01:44:00Z,remote_employee,interview_excerpt,London,operator,accounts,2,first_time,It should be easier to separate personal receipts from work receipts.
FB-001341,2026-07-29T00:51:00Z,small_business,email_feedback,Riyadh,individual,checkout,1,first_time,The workspace price looked good until the extra fee appeared.
FB-001342,2025-12-02T20:21:00Z,remote_employee,survey,Karachi,business_plus,billing,1,first_time,The billing address was wrong and I couldn't correct it myself after booking. The first booking was fine and the second one wasn't.
FB-001343,2026-05-02T09:17:00Z,company_admin,account_team_note,Manchester,individual,availability,1,occasional,"My booking existed, but the venue said their calendar had something different."
FB-001344,2026-04-10T17:30:00Z,freelancer,interview_excerpt,Lahore,business_plus,venue,4,monthly,"Reception was helpful, but the access instructions in the app were outdated. I noticed the same thing in another city."
FB-001345,2026-05-31T05:26:00Z,remote_employee,email_feedback,London,individual,accounts,3,weekly,"I like having both accounts, I just want the switch to be more obvious. The first booking was fine and the second one wasn't."
FB-001346,2025-12-05T07:38:00Z,small_business,app_review,Manchester,operator,venue,5,weekly,The venue was clean and exactly as described. Maybe this was specific to one venue.
FB-001347,2026-06-29T20:41:00Z,remote_employee,in_app_feedback,Remote,business_basic,billing,1,monthly,We spend too much time downloading one document per booking.
FB-001348,2026-06-25T01:40:00Z,freelancer,account_team_note,Karachi,operator,confirmation,3,monthly,The booking was confirmed in the app but the email came twenty minutes later.
FB-001349,2025-10-21T19:55:00Z,coworking_operator,support_ticket,Islamabad,operator,general,4,first_time,The booking flow is fast when I already know the area. Maybe this was specific to one venue.
FB-001350,2026-06-22T16:20:00Z,remote_employee,in_app_feedback,Remote,business_plus,venue,5,first_time,The listing should say whether phone calls are allowed in the open area. This is the main reason I'd hesitate to book again.
FB-001351,2025-12-23T02:38:00Z,freelancer,account_team_note,Karachi,operator,confirmation,1,monthly,The booking was confirmed in the app but the email came twenty minutes later. Our team has around eight people.
FB-001352,2026-05-30T19:57:00Z,freelancer,account_team_note,Dubai,business_plus,other,3,occasional,I accidentally gave the wrong rating.
FB-001353,2026-04-05T05:43:00Z,coworking_operator,app_review,Lahore,individual,operator_tools,3,weekly,"Our local calendar showed the room blocked, but DeskNest still accepted a request."
FB-001354,2026-05-15T19:01:00Z,freelancer,account_team_note,Manchester,operator,venue,5,first_time,"The room was smaller than it looked in the photos. Not a deal-breaker, just annoying."
FB-001355,2025-11-02T20:51:00Z,small_business,support_ticket,Remote,business_plus,booking_changes,2,first_time,"For a team booking, changing one detail feels like rebuilding the whole thing. I use DeskNest most weeks."
FB-001356,2025-08-28T09:32:00Z,small_business,in_app_feedback,Remote,individual,billing,1,occasional,I need the company name and tax details on the invoice. My colleague had a similar issue last week.
FB-001357,2025-12-28T13:39:00Z,freelancer,interview_excerpt,Remote,operator,accounts,3,monthly,It should be easier to separate personal receipts from work receipts. I mostly book same-day.
FB-001358,2025-11-22T04:48:00Z,remote_employee,email_feedback,Remote,individual,accounts,2,monthly,It should be easier to separate personal receipts from work receipts. Maybe this was specific to one venue.
FB-001359,2025-11-24T04:48:00Z,small_business,email_feedback,Lahore,business_basic,venue,2,first_time,"Reception was helpful, but the access instructions in the app were outdated. I use DeskNest most weeks."
FB-001360,2026-02-01T10:18:00Z,freelancer,email_feedback,Manchester,operator,availability,2,occasional,I had a confirmed booking and there wasn't actually a free room when I arrived. My colleague had a similar issue last week.
FB-001361,2025-09-01T14:36:00Z,small_business,in_app_feedback,Manchester,operator,search,1,weekly,"I can find a desk, but it's hard to tell which ones allow calls. This is the main reason I'd hesitate to book again."
FB-001362,2025-09-27T13:37:00Z,small_business,app_review,Dubai,operator,accounts,2,first_time,I accidentally used my personal card for a work booking. Support eventually sorted it out.
FB-001363,2026-05-14T10:41:00Z,small_business,email_feedback,Islamabad,individual,billing,3,first_time,Our office manager wants one place to see all team booking charges. This mattered more because I was already late for a meeting.
FB-001364,2025-12-24T20:13:00Z,freelancer,email_feedback,Riyadh,business_plus,refunds,2,occasional,I want the app to show where the refund is in the process. Our team has around eight people.
FB-001365,2026-07-28T04:36:00Z,remote_employee,survey,Riyadh,business_basic,search,3,monthly,"Search is quick, but comparing amenities across venues takes too long. I mostly book same-day."
FB-001366,2026-02-18T21:30:00Z,remote_employee,app_review,London,individual,venue,5,first_time,"The venue was clean and exactly as described. Not a deal-breaker, just annoying."
FB-001367,2026-08-05T09:56:00Z,small_business,survey,Lahore,business_basic,checkout,3,weekly,"I don't mind paying the fee, but I want to see it earlier."
FB-001368,2026-03-28T00:43:00Z,remote_employee,interview_excerpt,Manchester,business_basic,booking_changes,3,first_time,I couldn't see the cancellation rule until I went looking for it after booking. My colleague had a similar issue last week.
FB-001369,2026-06-03T21:27:00Z,freelancer,support_ticket,Islamabad,business_plus,checkout,1,monthly,The service fee should be clearer before the final checkout screen. This mattered more because I was already late for a meeting.
FB-001370,2025-08-13T10:37:00Z,freelancer,email_feedback,Karachi,business_plus,search,3,first_time,"Search is quick, but comparing amenities across venues takes too long. This mattered more because I was already late for a meeting."
FB-001371,2026-07-24T22:49:00Z,remote_employee,support_ticket,Karachi,business_plus,refunds,3,weekly,"The cancellation went through quickly, but the money took longer. Not a deal-breaker, just annoying."
FB-001372,2025-08-30T23:23:00Z,remote_employee,interview_excerpt,Riyadh,business_basic,confirmation,2,occasional,The booking was confirmed in the app but the email came twenty minutes later. I mostly book same-day.
FB-001373,2026-07-06T23:06:00Z,small_business,app_review,London,business_plus,billing,2,monthly,I need the company name and tax details on the invoice. I noticed the same thing in another city.
FB-001374,2026-06-09T18:50:00Z,remote_employee,support_ticket,London,operator,booking_changes,2,monthly,"The refund was correct, but the rescheduling flow took too many steps. The first booking was fine and the second one wasn't."
FB-001375,2025-09-03T08:04:00Z,freelancer,survey,London,business_plus,accounts,1,first_time,Switching between my personal bookings and company bookings is confusing.
FB-001376,2026-06-18T21:18:00Z,remote_employee,email_feedback,London,operator,accounts,3,first_time,"I accidentally used my personal card for a work booking. Not a deal-breaker, just annoying."
FB-001377,2026-03-22T13:59:00Z,remote_employee,app_review,Lahore,operator,booking_changes,1,first_time,We had to cancel the whole room because two attendees changed.
FB-001378,2025-10-07T16:51:00Z,remote_employee,in_app_feedback,Karachi,individual,availability,1,first_time,"DeskNest said the desk was open, but reception told me they had no space. This happened twice this month."
FB-001379,2026-01-29T16:19:00Z,small_business,support_ticket,Riyadh,individual,checkout,2,weekly,It would help to show an all-in price in search results. Maybe this was specific to one venue.
FB-001380,2025-12-01T04:05:00Z,remote_employee,in_app_feedback,London,business_plus,search,2,occasional,"Search is quick, but comparing amenities across venues takes too long. I mostly book same-day."
FB-001381,2025-12-04T15:31:00Z,remote_employee,account_team_note,Islamabad,business_plus,booking_changes,2,monthly,Changing the booking time should be easier than cancelling and starting again. Support eventually sorted it out.
FB-001382,2026-02-05T01:39:00Z,remote_employee,in_app_feedback,Islamabad,operator,refunds,2,monthly,"The refund was approved, but it took several days to show in my bank. Maybe this was specific to one venue."
FB-001383,2026-03-10T20:18:00Z,company_admin,email_feedback,Dubai,operator,support,3,first_time,"The agent was quick, but I had already sent the booking ID in the first message. I use DeskNest most weeks."
FB-001384,2026-06-13T09:55:00Z,freelancer,support_ticket,Karachi,business_basic,venue,5,first_time,Wi-Fi was excellent and the desk matched the listing.
FB-001385,2025-12-15T19:50:00Z,small_business,interview_excerpt,Karachi,business_plus,venue,2,first_time,The monitor in the photos wasn't available at my desk.
FB-001386,2026-01-17T10:50:00Z,small_business,email_feedback,Riyadh,individual,general,5,weekly,I found a desk near the station and booked it in under two minutes. Support eventually sorted it out.
FB-001387,2026-01-05T09:56:00Z,freelancer,email_feedback,Manchester,business_basic,refunds,2,weekly,"The bank delay is understandable, but the status in DeskNest is too vague. I mostly book same-day."
FB-001388,2026-01-26T20:26:00Z,remote_employee,app_review,Karachi,business_basic,search,3,monthly,"The neighborhood filter is too broad for where I actually need to work. Not a deal-breaker, just annoying."
FB-001389,2026-01-13T19:45:00Z,coworking_operator,account_team_note,Riyadh,operator,operator_tools,2,occasional,"Our local calendar showed the room blocked, but DeskNest still accepted a request. This is the main reason I'd hesitate to book again."
FB-001390,2026-04-16T11:53:00Z,coworking_operator,interview_excerpt,Karachi,business_basic,checkout,3,first_time,"It would help to show an all-in price in search results. It worked the next time, but I still don't trust it."
FB-001391,2025-12-25T06:06:00Z,company_admin,in_app_feedback,Dubai,business_basic,other,5,monthly,The weather was terrible that day.
FB-001392,2026-06-14T10:15:00Z,small_business,survey,Manchester,operator,billing,2,weekly,Can the monthly statement be a proper invoice instead of just a booking summary?
FB-001393,2026-03-23T00:16:00Z,small_business,in_app_feedback,Lahore,operator,search,1,weekly,The neighborhood filter is too broad for where I actually need to work. This happened twice this month.
FB-001394,2026-05-08T12:30:00Z,remote_employee,in_app_feedback,Karachi,business_plus,accounts,3,occasional,I accidentally used my personal card for a work booking. I use DeskNest most weeks.
FB-001395,2026-02-11T10:08:00Z,freelancer,app_review,Islamabad,operator,search,2,weekly,"I can find a desk, but it's hard to tell which ones allow calls."
FB-001396,2026-05-07T17:37:00Z,remote_employee,email_feedback,Lahore,operator,venue,4,weekly,The room was smaller than it looked in the photos. I mostly book same-day.
FB-001397,2025-10-11T05:38:00Z,remote_employee,in_app_feedback,Remote,business_plus,venue,4,occasional,The room was smaller than it looked in the photos.
FB-001398,2026-08-09T22:22:00Z,small_business,support_ticket,Remote,business_basic,booking_changes,2,weekly,We had to cancel the whole room because two attendees changed.
FB-001399,2026-03-24T04:25:00Z,small_business,in_app_feedback,Manchester,operator,booking_changes,2,first_time,It's not clear which bookings can be changed directly. This mattered more because I was already late for a meeting.
FB-001400,2026-02-26T21:32:00Z,remote_employee,email_feedback,Riyadh,business_plus,accounts,2,first_time,Our employees keep asking which payment method will be charged.
FB-001401,2025-08-16T10:02:00Z,freelancer,email_feedback,Riyadh,business_basic,support,4,weekly,"Support fixed it, but I had to explain the same booking problem twice. This happened twice this month."
FB-001402,2026-01-03T09:06:00Z,small_business,survey,Riyadh,individual,accounts,2,monthly,I want a clearer indicator when I'm booking under the company account. I noticed the same thing in another city.
FB-001403,2026-07-21T18:43:00Z,small_business,account_team_note,Lahore,business_plus,booking_changes,3,occasional,"The refund was correct, but the rescheduling flow took too many steps. I mostly book same-day."
FB-001404,2026-01-22T07:27:00Z,freelancer,interview_excerpt,Remote,operator,confirmation,2,weekly,I need faster confirmation because I usually book on the way to a meeting. My colleague had a similar issue last week.
FB-001405,2026-05-24T06:59:00Z,freelancer,support_ticket,Manchester,individual,checkout,3,first_time,The service fee should be clearer before the final checkout screen. Support eventually sorted it out.
FB-001406,2026-03-30T15:02:00Z,small_business,email_feedback,Lahore,individual,availability,2,first_time,Availability looked fine online and the operator had already blocked the room. I noticed the same thing in another city.
FB-001407,2025-08-21T19:36:00Z,remote_employee,account_team_note,Manchester,business_plus,accounts,2,first_time,It should be easier to separate personal receipts from work receipts.
FB-001408,2026-08-04T05:27:00Z,company_admin,email_feedback,Dubai,individual,billing,2,first_time,"The receipt works for me personally, but not for our accounts team."
FB-001409,2026-07-28T09:11:00Z,company_admin,interview_excerpt,Riyadh,business_basic,billing,3,monthly,"Our finance team needs one invoice for the whole month, not twenty separate receipts."
FB-001410,2025-12-12T18:15:00Z,freelancer,interview_excerpt,Karachi,individual,search,1,occasional,"I want to filter for desks with an external monitor, not just venues that have monitors somewhere. This is the main reason I'd hesitate to book again."
FB-001411,2026-04-11T17:34:00Z,remote_employee,survey,Dubai,business_basic,venue,5,monthly,The room was smaller than it looked in the photos. I use DeskNest most weeks.
FB-001412,2025-10-19T16:25:00Z,freelancer,interview_excerpt,Riyadh,business_basic,availability,2,weekly,"The space disappeared between search and checkout, which was frustrating. Our team has around eight people."
FB-001413,2026-07-28T02:00:00Z,remote_employee,account_team_note,Islamabad,business_plus,refunds,2,first_time,I had to contact support just to confirm the refund was actually initiated. Our team has around eight people.
FB-001414,2025-09-22T05:23:00Z,remote_employee,email_feedback,Karachi,business_basic,venue,2,weekly,The venue was clean and exactly as described. I mostly book same-day.
FB-001415,2026-06-09T16:10:00Z,small_business,app_review,Manchester,individual,other,4,occasional,No comment.
FB-001416,2026-02-02T05:40:00Z,remote_employee,account_team_note,Dubai,individual,availability,2,occasional,"The app showed a room available, but the venue said it was already booked. It worked the next time, but I still don't trust it."
FB-001417,2025-09-13T00:16:00Z,remote_employee,support_ticket,London,operator,accounts,1,first_time,Switching between my personal bookings and company bookings is confusing. Our team has around eight people.
FB-001418,2026-02-15T05:18:00Z,remote_employee,support_ticket,London,individual,billing,2,first_time,We spend too much time downloading one document per booking. Support eventually sorted it out.
FB-001419,2026-04-09T01:53:00Z,remote_employee,app_review,Karachi,operator,venue,2,first_time,The monitor in the photos wasn't available at my desk. I mostly book same-day.
FB-001420,2025-10-27T11:26:00Z,remote_employee,support_ticket,Remote,business_plus,booking_changes,3,weekly,I want to move a booking to another time without losing the room.
FB-001421,2026-05-02T23:22:00Z,freelancer,in_app_feedback,Lahore,business_basic,accounts,3,weekly,"The company allowance is useful, but I sometimes lose track of which profile I'm using. My colleague had a similar issue last week."
FB-001422,2026-07-04T03:07:00Z,freelancer,interview_excerpt,Islamabad,business_basic,support,3,monthly,The second agent didn't seem to have the context from my earlier message. Our team has around eight people.
FB-001423,2026-02-28T15:19:00Z,freelancer,support_ticket,Karachi,business_plus,support,3,weekly,"The answer was good, but it took almost a day. I noticed the same thing in another city."
FB-001424,2026-06-04T17:41:00Z,remote_employee,support_ticket,Remote,individual,other,5,monthly,"Not sure yet, I only used it once."
FB-001425,2025-12-26T18:51:00Z,freelancer,account_team_note,Karachi,operator,general,4,weekly,Our team booked a room for eight people without needing support. This mattered more because I was already late for a meeting.
FB-001426,2026-01-31T23:13:00Z,coworking_operator,email_feedback,London,individual,operator_tools,3,weekly,Inventory edits take longer than pricing edits.
FB-001427,2026-01-01T09:00:00Z,remote_employee,account_team_note,Lahore,individual,confirmation,2,monthly,I need faster confirmation because I usually book on the way to a meeting.
FB-001428,2026-04-28T23:16:00Z,small_business,interview_excerpt,Manchester,operator,support,4,first_time,Support was helpful and solved the issue on the first reply. I mostly book same-day.
FB-001429,2026-04-18T07:04:00Z,small_business,account_team_note,Riyadh,business_basic,checkout,3,monthly,It would help to show an all-in price in search results. I mostly book same-day.
FB-001430,2026-05-09T22:29:00Z,remote_employee,survey,London,business_basic,venue,4,monthly,The space was much noisier than the listing made it sound. This happened twice this month.
FB-001431,2025-09-28T07:36:00Z,small_business,in_app_feedback,London,business_plus,venue,5,occasional,The room was smaller than it looked in the photos. Support eventually sorted it out.
FB-001432,2025-08-07T00:40:00Z,coworking_operator,support_ticket,Karachi,business_plus,billing,1,monthly,"Our finance team needs one invoice for the whole month, not twenty separate receipts. The first booking was fine and the second one wasn't."
FB-001433,2025-09-11T09:28:00Z,freelancer,app_review,Remote,business_basic,checkout,1,occasional,It would help to show an all-in price in search results. This mattered more because I was already late for a meeting.
FB-001434,2025-11-30T18:32:00Z,remote_employee,survey,Dubai,operator,availability,2,weekly,Availability looked fine online and the operator had already blocked the room. The first booking was fine and the second one wasn't.
FB-001435,2025-11-09T16:45:00Z,freelancer,account_team_note,Islamabad,operator,accounts,3,weekly,"The company allowance is useful, but I sometimes lose track of which profile I'm using. The first booking was fine and the second one wasn't."
FB-001436,2026-05-27T08:54:00Z,company_admin,survey,Manchester,individual,checkout,3,weekly,"The fee isn't huge, it just feels hidden until late in the process. The first booking was fine and the second one wasn't."
FB-001437,2025-12-25T15:34:00Z,small_business,support_ticket,Dubai,individual,billing,3,monthly,We spend too much time downloading one document per booking. This mattered more because I was already late for a meeting.
FB-001438,2025-11-09T14:09:00Z,freelancer,in_app_feedback,Dubai,individual,search,1,first_time,"I want to filter for desks with an external monitor, not just venues that have monitors somewhere. I use DeskNest most weeks."
FB-001439,2026-05-26T03:46:00Z,coworking_operator,support_ticket,London,business_plus,operator_tools,3,first_time,I need clearer confirmation that an inventory block actually saved. I noticed the same thing in another city.
FB-001440,2026-08-06T23:00:00Z,remote_employee,interview_excerpt,Lahore,operator,accounts,1,first_time,Our employees keep asking which payment method will be charged. Our team has around eight people.
FB-001441,2025-08-27T08:16:00Z,coworking_operator,support_ticket,Karachi,business_basic,operator_tools,2,occasional,"I want a history of who changed the availability and when. Not a deal-breaker, just annoying."
FB-001442,2026-02-05T01:19:00Z,freelancer,survey,London,operator,search,2,first_time,The filters reset when I go back from a venue page.
FB-001443,2025-12-17T16:45:00Z,small_business,support_ticket,Karachi,individual,general,5,monthly,Our team booked a room for eight people without needing support. I mostly book same-day.
FB-001444,2025-08-06T15:37:00Z,remote_employee,survey,Karachi,individual,accounts,1,occasional,Switching between my personal bookings and company bookings is confusing. The first booking was fine and the second one wasn't.
FB-001445,2026-06-09T05:46:00Z,company_admin,email_feedback,Riyadh,business_basic,billing,1,first_time,We spend too much time downloading one document per booking. My colleague had a similar issue last week.
FB-001446,2026-04-05T22:50:00Z,small_business,interview_excerpt,Riyadh,individual,support,2,weekly,"The agent was quick, but I had already sent the booking ID in the first message. The first booking was fine and the second one wasn't."
FB-001447,2026-05-15T18:08:00Z,freelancer,app_review,Islamabad,business_plus,refunds,1,first_time,"The refund was approved, but it took several days to show in my bank."
FB-001448,2026-02-16T08:26:00Z,small_business,in_app_feedback,Karachi,individual,booking_changes,2,weekly,"For a team booking, changing one detail feels like rebuilding the whole thing. My colleague had a similar issue last week."
FB-001449,2026-02-18T04:56:00Z,remote_employee,in_app_feedback,Lahore,individual,confirmation,2,monthly,I need faster confirmation because I usually book on the way to a meeting.
FB-001450,2025-12-22T17:25:00Z,freelancer,account_team_note,London,operator,search,3,weekly,"Search is quick, but comparing amenities across venues takes too long. This mattered more because I was already late for a meeting."
FB-001451,2026-05-02T13:53:00Z,freelancer,survey,Lahore,operator,refunds,2,monthly,"Support said the refund was sent, but I couldn't see it yet. I use DeskNest most weeks."
FB-001452,2026-07-17T02:14:00Z,freelancer,app_review,Remote,business_basic,general,4,weekly,"The map and date search make last-minute booking easy. Not a deal-breaker, just annoying."
FB-001453,2025-10-06T21:47:00Z,freelancer,email_feedback,Islamabad,business_plus,checkout,1,first_time,"The fee isn't huge, it just feels hidden until late in the process. This happened twice this month."
FB-001454,2025-09-24T07:32:00Z,company_admin,email_feedback,Dubai,individual,search,3,monthly,"I want to filter for desks with an external monitor, not just venues that have monitors somewhere. Support eventually sorted it out."
FB-001455,2025-10-31T08:54:00Z,remote_employee,account_team_note,Riyadh,operator,availability,2,first_time,"I don't trust the availability anymore because the same thing happened twice. It worked the next time, but I still don't trust it."
FB-001456,2026-02-07T01:20:00Z,coworking_operator,account_team_note,Manchester,individual,confirmation,2,weekly,The booking was confirmed in the app but the email came twenty minutes later. This mattered more because I was already late for a meeting.
FB-001457,2025-11-11T09:55:00Z,remote_employee,in_app_feedback,Lahore,business_basic,availability,3,first_time,I don't trust the availability anymore because the same thing happened twice. This mattered more because I was already late for a meeting.
FB-001458,2026-07-03T05:20:00Z,coworking_operator,in_app_feedback,Karachi,business_plus,operator_tools,2,first_time,"I need clearer confirmation that an inventory block actually saved. It worked the next time, but I still don't trust it."
FB-001459,2026-01-13T19:46:00Z,small_business,account_team_note,Remote,business_basic,availability,3,first_time,I had a confirmed booking and there wasn't actually a free room when I arrived. Maybe this was specific to one venue.
FB-001460,2025-08-31T18:22:00Z,company_admin,support_ticket,Islamabad,individual,accounts,2,first_time,"The company allowance is useful, but I sometimes lose track of which profile I'm using. I noticed the same thing in another city."
FB-001461,2025-12-03T11:50:00Z,small_business,email_feedback,Remote,business_basic,confirmation,3,monthly,"The app said pending for a few minutes even though the payment went through. It worked the next time, but I still don't trust it."
FB-001462,2026-07-22T23:09:00Z,remote_employee,email_feedback,Lahore,business_basic,search,2,weekly,"I can find a desk, but it's hard to tell which ones allow calls. Not a deal-breaker, just annoying."
FB-001463,2025-08-25T09:00:00Z,freelancer,survey,Dubai,individual,general,4,occasional,I found a desk near the station and booked it in under two minutes. I mostly book same-day.
FB-001464,2025-12-27T11:05:00Z,small_business,survey,Dubai,business_plus,billing,1,weekly,The billing address was wrong and I couldn't correct it myself after booking. I use DeskNest most weeks.
FB-001465,2025-10-25T00:43:00Z,freelancer,app_review,Lahore,individual,checkout,2,monthly,The service fee should be clearer before the final checkout screen. I mostly book same-day.
FB-001466,2025-09-17T14:29:00Z,remote_employee,survey,London,business_basic,search,1,monthly,"Search is quick, but comparing amenities across venues takes too long. This is the main reason I'd hesitate to book again."
FB-001467,2025-10-01T02:34:00Z,freelancer,interview_excerpt,Islamabad,operator,search,3,occasional,I wish the app remembered my usual filters. Support eventually sorted it out.
FB-001468,2026-01-11T12:43:00Z,company_admin,email_feedback,Islamabad,business_plus,confirmation,1,monthly,"I received two confirmation emails for the same booking. It worked the next time, but I still don't trust it."
FB-001469,2026-01-13T12:38:00Z,company_admin,survey,Remote,operator,confirmation,3,first_time,I received two confirmation emails for the same booking. I use DeskNest most weeks.
FB-001470,2025-10-15T01:57:00Z,coworking_operator,app_review,London,operator,support,4,occasional,"The answer was good, but it took almost a day. Maybe this was specific to one venue."
FB-001471,2026-05-22T12:11:00Z,freelancer,in_app_feedback,Manchester,operator,availability,2,first_time,I had a confirmed booking and there wasn't actually a free room when I arrived. The first booking was fine and the second one wasn't.
FB-001472,2026-01-19T21:20:00Z,remote_employee,app_review,Lahore,individual,accounts,2,first_time,I accidentally used my personal card for a work booking. This mattered more because I was already late for a meeting.
FB-001473,2025-08-29T08:33:00Z,remote_employee,interview_excerpt,Riyadh,individual,support,2,first_time,I had three channels open for the same issue and wasn't sure which one was current.
FB-001474,2025-08-22T07:11:00Z,remote_employee,account_team_note,Riyadh,operator,accounts,2,occasional,It should be easier to separate personal receipts from work receipts. I use DeskNest most weeks.
FB-001475,2026-04-12T21:11:00Z,coworking_operator,support_ticket,London,individual,other,4,weekly,The coffee at the venue was excellent.
FB-001476,2025-09-14T04:11:00Z,company_admin,in_app_feedback,Karachi,operator,accounts,2,weekly,I want a clearer indicator when I'm booking under the company account. I noticed the same thing in another city.
FB-001477,2025-09-27T13:20:00Z,freelancer,survey,Karachi,business_basic,confirmation,2,monthly,The app said pending for a few minutes even though the payment went through. I noticed the same thing in another city.
FB-001478,2025-10-02T15:47:00Z,remote_employee,interview_excerpt,Karachi,operator,other,5,monthly,"Not sure yet, I only used it once."
FB-001479,2026-04-04T14:29:00Z,freelancer,interview_excerpt,Karachi,individual,availability,2,weekly,Availability looked fine online and the operator had already blocked the room.
FB-001480,2026-04-09T02:15:00Z,company_admin,account_team_note,Manchester,operator,accounts,2,weekly,"I accidentally used my personal card for a work booking. It worked the next time, but I still don't trust it."
FB-001481,2025-10-11T21:41:00Z,freelancer,email_feedback,Dubai,individual,availability,3,weekly,"My booking existed, but the venue said their calendar had something different. Support eventually sorted it out."
FB-001482,2026-02-09T13:26:00Z,company_admin,in_app_feedback,Karachi,operator,booking_changes,1,weekly,"For a team booking, changing one detail feels like rebuilding the whole thing."
FB-001483,2026-05-23T09:52:00Z,coworking_operator,interview_excerpt,London,individual,general,5,first_time,"I use DeskNest every week because it saves me calling venues. It worked the next time, but I still don't trust it."
FB-001484,2026-06-26T07:47:00Z,coworking_operator,support_ticket,Remote,individual,operator_tools,3,occasional,Blocking twenty desks one by one for a private event is too slow. My colleague had a similar issue last week.
FB-001485,2025-08-16T19:04:00Z,freelancer,support_ticket,Riyadh,business_plus,accounts,2,weekly,"The company allowance is useful, but I sometimes lose track of which profile I'm using. I noticed the same thing in another city."
FB-001486,2026-05-16T14:16:00Z,freelancer,email_feedback,Manchester,business_plus,accounts,2,first_time,I accidentally used my personal card for a work booking. Our team has around eight people.
FB-001487,2026-05-24T03:44:00Z,small_business,interview_excerpt,Manchester,operator,other,2,weekly,No comment.
FB-001488,2026-02-18T15:19:00Z,freelancer,app_review,Islamabad,individual,general,5,occasional,Confirmation was immediate and the venue had everything listed.
FB-001489,2026-03-03T15:48:00Z,coworking_operator,survey,Lahore,business_plus,operator_tools,1,occasional,I want a history of who changed the availability and when. This is the main reason I'd hesitate to book again.
FB-001490,2025-12-26T03:54:00Z,small_business,email_feedback,London,operator,venue,4,occasional,"Reception was helpful, but the access instructions in the app were outdated."
FB-001491,2025-11-29T07:54:00Z,coworking_operator,app_review,Islamabad,business_basic,operator_tools,2,monthly,We had a customer arrive after we thought the room was closed online. Support eventually sorted it out.
FB-001492,2025-11-02T12:40:00Z,small_business,account_team_note,Remote,business_plus,general,5,monthly,Confirmation was immediate and the venue had everything listed. Our team has around eight people.
FB-001493,2026-06-26T12:48:00Z,coworking_operator,in_app_feedback,Manchester,operator,operator_tools,2,occasional,I want to copy the same closure to multiple workspace types.
FB-001494,2025-11-03T12:49:00Z,small_business,interview_excerpt,Riyadh,business_plus,search,2,first_time,The neighborhood filter is too broad for where I actually need to work. This is the main reason I'd hesitate to book again.
FB-001495,2025-08-04T12:29:00Z,freelancer,survey,Remote,business_plus,availability,3,monthly,"DeskNest said the desk was open, but reception told me they had no space."
FB-001496,2026-02-12T20:20:00Z,small_business,interview_excerpt,Lahore,business_plus,search,2,occasional,The neighborhood filter is too broad for where I actually need to work.
FB-001497,2026-08-09T16:38:00Z,remote_employee,app_review,Remote,individual,billing,3,weekly,Can the monthly statement be a proper invoice instead of just a booking summary? This is the main reason I'd hesitate to book again.
FB-001498,2025-09-21T21:49:00Z,freelancer,account_team_note,Remote,business_plus,confirmation,3,weekly,"The push notification arrived right away, but email was delayed. My colleague had a similar issue last week."
FB-001499,2026-02-07T22:48:00Z,coworking_operator,account_team_note,Remote,business_basic,operator_tools,3,weekly,We had a customer arrive after we thought the room was closed online.
FB-001500,2026-08-10T16:49:00Z,freelancer,account_team_note,Riyadh,operator,availability,2,first_time,"The space disappeared between search and checkout, which was frustrating. Not a deal-breaker, just annoying."
FB-001501,2026-02-10T15:59:00Z,freelancer,email_feedback,Dubai,operator,confirmation,2,first_time,"I received two confirmation emails for the same booking. Not a deal-breaker, just annoying."
FB-001502,2025-08-05T11:03:00Z,company_admin,support_ticket,Remote,individual,booking_changes,2,weekly,"The refund was correct, but the rescheduling flow took too many steps. This mattered more because I was already late for a meeting."
FB-001503,2026-03-30T04:46:00Z,freelancer,survey,Lahore,individual,checkout,3,first_time,The workspace price looked good until the extra fee appeared.
FB-001504,2025-11-14T07:29:00Z,freelancer,email_feedback,London,individual,venue,4,first_time,"Reception was helpful, but the access instructions in the app were outdated."
FB-001505,2026-05-16T13:50:00Z,coworking_operator,survey,Manchester,operator,operator_tools,3,occasional,Inventory edits take longer than pricing edits. The first booking was fine and the second one wasn't.
FB-001506,2025-09-28T13:29:00Z,freelancer,in_app_feedback,Lahore,business_plus,availability,2,weekly,"The app showed a room available, but the venue said it was already booked."
FB-001507,2025-09-04T23:07:00Z,coworking_operator,in_app_feedback,Remote,business_basic,general,5,monthly,Confirmation was immediate and the venue had everything listed. This mattered more because I was already late for a meeting.
FB-001508,2026-06-30T19:51:00Z,company_admin,support_ticket,Manchester,operator,support,2,weekly,"The answer was good, but it took almost a day."
FB-001509,2025-10-12T03:13:00Z,freelancer,support_ticket,Dubai,business_basic,confirmation,2,monthly,I booked again because the first confirmation never showed up in my inbox. The first booking was fine and the second one wasn't.
FB-001510,2026-04-28T00:17:00Z,freelancer,app_review,Lahore,operator,availability,2,monthly,"DeskNest said the desk was open, but reception told me they had no space. Our team has around eight people."
FB-001511,2026-07-30T04:59:00Z,company_admin,survey,Lahore,operator,billing,2,occasional,"The billing address was wrong and I couldn't correct it myself after booking. Not a deal-breaker, just annoying."
FB-001512,2026-06-21T21:05:00Z,company_admin,in_app_feedback,Remote,individual,confirmation,3,occasional,"The push notification arrived right away, but email was delayed. This is the main reason I'd hesitate to book again."
FB-001513,2026-04-23T13:30:00Z,freelancer,in_app_feedback,Lahore,business_plus,search,2,occasional,"I want to filter for desks with an external monitor, not just venues that have monitors somewhere. Not a deal-breaker, just annoying."
FB-001514,2026-05-28T15:41:00Z,remote_employee,email_feedback,Dubai,business_basic,booking_changes,1,first_time,We had to cancel the whole room because two attendees changed. The first booking was fine and the second one wasn't.
FB-001515,2026-04-12T01:25:00Z,company_admin,app_review,Dubai,business_basic,billing,3,first_time,"Our finance team needs one invoice for the whole month, not twenty separate receipts. I noticed the same thing in another city."
FB-001516,2026-03-03T23:25:00Z,remote_employee,in_app_feedback,Lahore,individual,refunds,2,first_time,"Support said the refund was sent, but I couldn't see it yet. I use DeskNest most weeks."
FB-001517,2025-12-15T14:26:00Z,company_admin,email_feedback,Remote,business_plus,availability,2,first_time,"Availability looked fine online and the operator had already blocked the room. It worked the next time, but I still don't trust it."
FB-001518,2026-02-03T09:36:00Z,freelancer,email_feedback,Riyadh,business_plus,booking_changes,2,monthly,I want to move a booking to another time without losing the room. Maybe this was specific to one venue.
FB-001519,2025-12-18T11:47:00Z,freelancer,support_ticket,London,individual,support,4,monthly,The second agent didn't seem to have the context from my earlier message. Support eventually sorted it out.
FB-001520,2025-10-03T05:46:00Z,freelancer,account_team_note,Karachi,business_plus,availability,2,weekly,"The app showed a room available, but the venue said it was already booked. I use DeskNest most weeks."
FB-001521,2026-08-03T03:24:00Z,small_business,account_team_note,Islamabad,business_basic,availability,1,monthly,Availability looked fine online and the operator had already blocked the room.
FB-001522,2026-06-16T02:01:00Z,freelancer,account_team_note,Islamabad,individual,other,5,monthly,The chairs were blue.
FB-001523,2026-06-17T18:24:00Z,coworking_operator,support_ticket,Riyadh,individual,operator_tools,2,occasional,"Availability sometimes takes too long to reflect a change we made in the portal. Not a deal-breaker, just annoying."
FB-001524,2026-01-24T08:29:00Z,freelancer,account_team_note,Karachi,operator,search,2,weekly,I need a quiet-call filter because I keep opening listings one by one. This is the main reason I'd hesitate to book again.
FB-001525,2026-04-02T14:52:00Z,coworking_operator,interview_excerpt,London,business_plus,operator_tools,2,first_time,"The sync usually works, but when it doesn't it's hard to tell which side is current. My colleague had a similar issue last week."
FB-001526,2026-07-21T01:04:00Z,remote_employee,account_team_note,Remote,business_basic,search,1,weekly,I need a quiet-call filter because I keep opening listings one by one. Our team has around eight people.
FB-001527,2026-04-20T07:24:00Z,small_business,in_app_feedback,Dubai,business_basic,accounts,2,monthly,I accidentally used my personal card for a work booking. Support eventually sorted it out.
FB-001528,2026-06-15T11:51:00Z,freelancer,survey,Remote,business_basic,checkout,1,first_time,"I don't mind paying the fee, but I want to see it earlier. Not a deal-breaker, just annoying."
FB-001529,2026-02-11T20:01:00Z,freelancer,app_review,Remote,individual,venue,4,first_time,The listing should say whether phone calls are allowed in the open area. I mostly book same-day.
FB-001530,2025-11-13T14:00:00Z,freelancer,interview_excerpt,Manchester,business_plus,checkout,2,weekly,The service fee should be clearer before the final checkout screen. The first booking was fine and the second one wasn't.
FB-001531,2025-09-10T20:40:00Z,freelancer,support_ticket,Karachi,business_basic,checkout,3,first_time,"I don't mind paying the fee, but I want to see it earlier. Not a deal-breaker, just annoying."
FB-001532,2025-08-20T08:17:00Z,company_admin,email_feedback,Riyadh,business_basic,accounts,3,occasional,"I like having both accounts, I just want the switch to be more obvious. Support eventually sorted it out."
FB-001533,2026-05-07T05:15:00Z,freelancer,in_app_feedback,Remote,business_plus,search,2,monthly,"I can find a desk, but it's hard to tell which ones allow calls. I noticed the same thing in another city."
FB-001534,2026-05-26T21:17:00Z,coworking_operator,interview_excerpt,Islamabad,business_plus,operator_tools,2,weekly,Inventory edits take longer than pricing edits. This mattered more because I was already late for a meeting.
FB-001535,2026-03-09T01:50:00Z,small_business,account_team_note,Riyadh,business_plus,billing,3,monthly,The billing address was wrong and I couldn't correct it myself after booking. Maybe this was specific to one venue.
FB-001536,2025-09-27T18:21:00Z,small_business,account_team_note,London,business_basic,availability,3,first_time,I don't trust the availability anymore because the same thing happened twice. Our team has around eight people.
FB-001537,2025-12-08T20:46:00Z,freelancer,survey,Riyadh,business_plus,venue,5,first_time,The room was smaller than it looked in the photos. The first booking was fine and the second one wasn't.
FB-001538,2026-04-17T04:53:00Z,small_business,app_review,Karachi,operator,availability,2,monthly,Availability looked fine online and the operator had already blocked the room. This mattered more because I was already late for a meeting.
FB-001539,2026-01-29T16:16:00Z,small_business,email_feedback,Islamabad,business_basic,availability,2,weekly,"My booking existed, but the venue said their calendar had something different."
FB-001540,2026-06-10T12:49:00Z,small_business,email_feedback,Dubai,business_plus,general,5,weekly,Our team booked a room for eight people without needing support. I use DeskNest most weeks.
FB-001541,2025-11-06T23:39:00Z,small_business,email_feedback,Riyadh,business_basic,booking_changes,2,weekly,I want to move a booking to another time without losing the room.
FB-001542,2026-02-13T06:42:00Z,remote_employee,survey,Riyadh,operator,availability,2,weekly,"The app showed a room available, but the venue said it was already booked. This happened twice this month."
FB-001543,2026-03-04T18:56:00Z,small_business,survey,London,business_plus,availability,2,first_time,"The app showed a room available, but the venue said it was already booked."
FB-001544,2025-12-19T23:12:00Z,remote_employee,email_feedback,Islamabad,business_basic,venue,5,first_time,"Reception was helpful, but the access instructions in the app were outdated."
FB-001545,2026-03-06T01:22:00Z,freelancer,email_feedback,Islamabad,individual,availability,2,occasional,"My booking existed, but the venue said their calendar had something different. Maybe this was specific to one venue."
FB-001546,2025-11-13T03:23:00Z,freelancer,app_review,Lahore,business_plus,search,2,first_time,"Search is quick, but comparing amenities across venues takes too long. My colleague had a similar issue last week."
FB-001547,2025-12-22T17:12:00Z,company_admin,interview_excerpt,Karachi,business_plus,billing,2,weekly,The billing address was wrong and I couldn't correct it myself after booking. Our team has around eight people.
FB-001548,2026-03-14T09:43:00Z,freelancer,email_feedback,Lahore,business_plus,general,4,monthly,"The operator dashboard is much easier than our old spreadsheet. Not a deal-breaker, just annoying."
FB-001549,2026-05-19T20:01:00Z,remote_employee,support_ticket,Riyadh,operator,availability,2,monthly,I had a confirmed booking and there wasn't actually a free room when I arrived. Support eventually sorted it out.
FB-001550,2025-11-22T15:58:00Z,remote_employee,in_app_feedback,Riyadh,business_plus,general,4,first_time,I use DeskNest every week because it saves me calling venues. This happened twice this month.
FB-001551,2026-04-23T15:48:00Z,freelancer,interview_excerpt,Islamabad,individual,venue,4,monthly,The room was smaller than it looked in the photos. I mostly book same-day.
FB-001552,2025-10-17T19:55:00Z,freelancer,email_feedback,Lahore,business_basic,search,2,weekly,I wish the app remembered my usual filters. This mattered more because I was already late for a meeting.
FB-001553,2026-03-09T14:32:00Z,remote_employee,email_feedback,Remote,business_basic,search,3,monthly,The neighborhood filter is too broad for where I actually need to work. This mattered more because I was already late for a meeting.
FB-001554,2025-09-20T09:07:00Z,freelancer,support_ticket,Remote,individual,confirmation,3,monthly,I booked again because the first confirmation never showed up in my inbox.
FB-001555,2026-07-08T20:19:00Z,remote_employee,app_review,London,business_basic,booking_changes,2,weekly,We had to cancel the whole room because two attendees changed.
FB-001556,2026-04-23T22:50:00Z,remote_employee,support_ticket,London,operator,availability,3,occasional,"The space disappeared between search and checkout, which was frustrating. I mostly book same-day."
FB-001557,2025-10-26T20:00:00Z,freelancer,support_ticket,Karachi,business_plus,checkout,3,weekly,The service fee should be clearer before the final checkout screen. This happened twice this month.
FB-001558,2026-01-14T01:50:00Z,small_business,in_app_feedback,Karachi,business_basic,support,4,first_time,The second agent didn't seem to have the context from my earlier message. I noticed the same thing in another city.
FB-001559,2026-03-07T05:22:00Z,company_admin,in_app_feedback,Dubai,operator,booking_changes,1,weekly,I couldn't see the cancellation rule until I went looking for it after booking.
FB-001560,2026-05-19T21:16:00Z,remote_employee,email_feedback,Dubai,business_basic,confirmation,3,occasional,"I thought the booking failed because I didn't get a confirmation email. Not a deal-breaker, just annoying."
FB-001561,2026-01-30T14:30:00Z,small_business,support_ticket,Manchester,business_basic,billing,1,occasional,The billing address was wrong and I couldn't correct it myself after booking.
FB-001562,2025-10-22T11:51:00Z,freelancer,interview_excerpt,Islamabad,business_plus,refunds,2,monthly,I had to contact support just to confirm the refund was actually initiated.
FB-001563,2026-04-14T23:52:00Z,remote_employee,support_ticket,Riyadh,business_basic,availability,3,monthly,I had a confirmed booking and there wasn't actually a free room when I arrived.
FB-001564,2025-11-20T05:42:00Z,small_business,survey,London,business_plus,billing,1,first_time,Our office manager wants one place to see all team booking charges. The first booking was fine and the second one wasn't.
FB-001565,2026-05-07T15:28:00Z,coworking_operator,in_app_feedback,Manchester,operator,operator_tools,2,weekly,"The calendar is usable, but bulk close is still limited for some inventory. It worked the next time, but I still don't trust it."
FB-001566,2025-12-19T11:36:00Z,company_admin,interview_excerpt,Islamabad,operator,refunds,1,weekly,"The cancellation went through quickly, but the money took longer. Support eventually sorted it out."
FB-001567,2025-10-26T17:08:00Z,remote_employee,survey,Riyadh,business_plus,refunds,1,occasional,"The bank delay is understandable, but the status in DeskNest is too vague."
FB-001568,2025-12-06T21:29:00Z,coworking_operator,email_feedback,Remote,operator,operator_tools,2,weekly,"Our local calendar showed the room blocked, but DeskNest still accepted a request."
FB-001569,2026-05-07T17:44:00Z,company_admin,account_team_note,Manchester,business_plus,billing,1,occasional,We spend too much time downloading one document per booking.
FB-001570,2026-04-20T15:06:00Z,remote_employee,interview_excerpt,Riyadh,operator,booking_changes,2,first_time,I couldn't see the cancellation rule until I went looking for it after booking. This happened twice this month.
FB-001571,2026-01-25T19:48:00Z,remote_employee,app_review,Remote,operator,accounts,3,weekly,I want a clearer indicator when I'm booking under the company account. The first booking was fine and the second one wasn't.
FB-001572,2026-05-16T23:53:00Z,freelancer,support_ticket,Manchester,individual,confirmation,2,weekly,I booked again because the first confirmation never showed up in my inbox. This is the main reason I'd hesitate to book again.
FB-001573,2026-01-17T14:06:00Z,freelancer,support_ticket,Lahore,operator,search,2,monthly,I need a quiet-call filter because I keep opening listings one by one. The first booking was fine and the second one wasn't.
FB-001574,2026-06-23T15:01:00Z,freelancer,survey,Riyadh,business_plus,search,1,monthly,I need a quiet-call filter because I keep opening listings one by one. This is the main reason I'd hesitate to book again.
FB-001575,2025-10-26T05:37:00Z,small_business,account_team_note,London,business_basic,billing,1,weekly,"Our finance team needs one invoice for the whole month, not twenty separate receipts. It worked the next time, but I still don't trust it."
FB-001576,2026-01-18T09:40:00Z,small_business,app_review,Karachi,business_plus,availability,2,weekly,"DeskNest said the desk was open, but reception told me they had no space."
FB-001577,2026-07-04T05:38:00Z,freelancer,survey,Islamabad,operator,accounts,1,occasional,It should be easier to separate personal receipts from work receipts.
FB-001578,2026-03-26T21:44:00Z,remote_employee,email_feedback,Dubai,business_basic,support,2,weekly,Support was helpful and solved the issue on the first reply. I noticed the same thing in another city.
FB-001579,2025-11-27T09:27:00Z,remote_employee,survey,Remote,business_plus,confirmation,3,first_time,I booked again because the first confirmation never showed up in my inbox.
FB-001580,2025-08-16T09:43:00Z,freelancer,email_feedback,Lahore,business_plus,confirmation,3,occasional,"The push notification arrived right away, but email was delayed. I use DeskNest most weeks."
FB-001581,2026-05-08T09:26:00Z,freelancer,interview_excerpt,Remote,business_plus,checkout,2,weekly,It would help to show an all-in price in search results. I mostly book same-day.
FB-001582,2026-06-18T16:28:00Z,small_business,interview_excerpt,London,business_plus,availability,2,occasional,I don't trust the availability anymore because the same thing happened twice.
FB-001583,2025-11-18T14:26:00Z,remote_employee,support_ticket,Remote,business_plus,search,1,first_time,"I can find a desk, but it's hard to tell which ones allow calls."
FB-001584,2026-06-19T11:17:00Z,remote_employee,survey,Islamabad,business_plus,venue,3,monthly,The room was smaller than it looked in the photos. Our team has around eight people.
FB-001585,2025-11-11T23:27:00Z,freelancer,account_team_note,Dubai,individual,availability,1,monthly,"The space disappeared between search and checkout, which was frustrating. I noticed the same thing in another city."
FB-001586,2025-09-29T20:51:00Z,coworking_operator,email_feedback,Riyadh,individual,venue,4,weekly,The room was smaller than it looked in the photos. Support eventually sorted it out.
FB-001587,2026-07-30T13:01:00Z,freelancer,in_app_feedback,Manchester,individual,confirmation,2,monthly,I received two confirmation emails for the same booking. Our team has around eight people.
FB-001588,2026-02-18T07:45:00Z,remote_employee,account_team_note,Manchester,business_basic,venue,4,occasional,The venue was clean and exactly as described. This happened twice this month.
FB-001589,2025-08-23T06:34:00Z,coworking_operator,email_feedback,Dubai,individual,booking_changes,2,weekly,Changing the booking time should be easier than cancelling and starting again. This mattered more because I was already late for a meeting.
FB-001590,2025-10-24T09:57:00Z,freelancer,in_app_feedback,Karachi,business_plus,availability,3,weekly,"The app showed a room available, but the venue said it was already booked. I use DeskNest most weeks."
FB-001591,2025-12-24T06:27:00Z,remote_employee,app_review,Remote,operator,other,5,weekly,"Not sure yet, I only used it once."
FB-001592,2026-02-23T19:36:00Z,coworking_operator,in_app_feedback,Dubai,individual,operator_tools,2,weekly,The operator portal and what customers see don't always update at the same time. The first booking was fine and the second one wasn't.
FB-001593,2026-04-14T01:28:00Z,remote_employee,email_feedback,Manchester,operator,accounts,2,monthly,It should be easier to separate personal receipts from work receipts. Maybe this was specific to one venue.
FB-001594,2026-01-04T00:57:00Z,coworking_operator,account_team_note,Lahore,business_plus,operator_tools,2,occasional,"The calendar is usable, but bulk close is still limited for some inventory. I mostly book same-day."
FB-001595,2026-04-09T08:00:00Z,coworking_operator,interview_excerpt,Manchester,operator,operator_tools,2,weekly,"Our local calendar showed the room blocked, but DeskNest still accepted a request. I noticed the same thing in another city."
FB-001596,2025-09-18T16:51:00Z,small_business,email_feedback,Dubai,operator,availability,2,occasional,"My booking existed, but the venue said their calendar had something different."
FB-001597,2025-09-16T14:29:00Z,small_business,email_feedback,Lahore,business_basic,availability,2,monthly,"The space disappeared between search and checkout, which was frustrating."
FB-001598,2026-03-30T07:39:00Z,coworking_operator,survey,Manchester,business_plus,operator_tools,3,weekly,Availability sometimes takes too long to reflect a change we made in the portal. My colleague had a similar issue last week.
FB-001599,2025-10-06T13:16:00Z,remote_employee,support_ticket,London,business_plus,accounts,1,weekly,I want a clearer indicator when I'm booking under the company account.
FB-001600,2026-02-13T23:51:00Z,freelancer,app_review,Remote,business_basic,refunds,3,weekly,I wasn't sure whether the refund was partial or still pending. This is the main reason I'd hesitate to book again.
FB-001601,2025-09-20T15:11:00Z,coworking_operator,survey,Karachi,business_basic,billing,2,monthly,The billing address was wrong and I couldn't correct it myself after booking. I noticed the same thing in another city.
FB-001602,2026-04-30T12:38:00Z,coworking_operator,in_app_feedback,Riyadh,individual,support,2,first_time,"I had three channels open for the same issue and wasn't sure which one was current. It worked the next time, but I still don't trust it."
FB-001603,2025-09-27T17:40:00Z,freelancer,support_ticket,Karachi,business_basic,accounts,2,weekly,I want a clearer indicator when I'm booking under the company account. This is the main reason I'd hesitate to book again.
FB-001604,2025-12-30T20:16:00Z,small_business,interview_excerpt,Manchester,operator,venue,5,first_time,The listing should say whether phone calls are allowed in the open area. Maybe this was specific to one venue.
FB-001605,2026-01-12T01:40:00Z,small_business,email_feedback,Karachi,business_basic,general,4,weekly,I use DeskNest every week because it saves me calling venues. This is the main reason I'd hesitate to book again.
FB-001606,2025-08-17T10:37:00Z,small_business,support_ticket,Dubai,business_plus,venue,4,first_time,The space was much noisier than the listing made it sound.
FB-001607,2025-11-16T07:56:00Z,small_business,app_review,Islamabad,individual,support,3,occasional,I wish support could see the earlier refund conversation without asking again.
FB-001608,2026-07-18T11:34:00Z,remote_employee,app_review,Riyadh,operator,confirmation,2,monthly,I thought the booking failed because I didn't get a confirmation email.
FB-001609,2025-11-30T12:25:00Z,remote_employee,in_app_feedback,Remote,individual,accounts,2,occasional,I accidentally used my personal card for a work booking. Our team has around eight people.
FB-001610,2026-03-20T05:20:00Z,small_business,in_app_feedback,Remote,business_plus,accounts,3,monthly,"The company allowance is useful, but I sometimes lose track of which profile I'm using. I use DeskNest most weeks."
FB-001611,2026-02-01T00:35:00Z,freelancer,interview_excerpt,Remote,operator,checkout,3,monthly,The total changed enough at checkout that I went back to compare venues.
FB-001612,2026-04-16T09:57:00Z,freelancer,in_app_feedback,Remote,individual,refunds,2,first_time,"The bank delay is understandable, but the status in DeskNest is too vague."
FB-001613,2026-04-16T19:50:00Z,remote_employee,survey,London,business_plus,search,1,first_time,I wish the app remembered my usual filters.
FB-001614,2025-10-07T03:06:00Z,small_business,survey,Dubai,operator,availability,2,first_time,"The app showed a room available, but the venue said it was already booked."
FB-001615,2025-10-02T04:03:00Z,remote_employee,account_team_note,Manchester,business_basic,venue,5,first_time,The monitor in the photos wasn't available at my desk.
FB-001616,2026-05-09T04:47:00Z,company_admin,app_review,Riyadh,individual,checkout,3,first_time,"The fee isn't huge, it just feels hidden until late in the process."
FB-001617,2025-12-26T13:39:00Z,freelancer,survey,Riyadh,business_plus,availability,2,first_time,I don't trust the availability anymore because the same thing happened twice. This is the main reason I'd hesitate to book again.
FB-001618,2025-08-07T17:59:00Z,remote_employee,support_ticket,Riyadh,business_plus,refunds,3,occasional,I had to contact support just to confirm the refund was actually initiated. Maybe this was specific to one venue.
FB-001619,2026-02-21T01:18:00Z,company_admin,survey,Remote,individual,availability,2,occasional,"The app showed a room available, but the venue said it was already booked. Not a deal-breaker, just annoying."
FB-001620,2025-12-20T07:25:00Z,small_business,survey,London,individual,support,2,monthly,I wish support could see the earlier refund conversation without asking again.
FB-001621,2026-06-21T22:50:00Z,freelancer,account_team_note,Karachi,business_basic,general,4,monthly,"Confirmation was immediate and the venue had everything listed. Not a deal-breaker, just annoying."
FB-001622,2025-09-07T16:58:00Z,small_business,interview_excerpt,Riyadh,individual,availability,3,weekly,"I don't trust the availability anymore because the same thing happened twice. Not a deal-breaker, just annoying."
FB-001623,2026-07-07T23:05:00Z,company_admin,interview_excerpt,Manchester,business_basic,billing,1,occasional,Our office manager wants one place to see all team booking charges.
FB-001624,2026-06-02T16:27:00Z,remote_employee,account_team_note,Riyadh,business_basic,search,1,weekly,I need a quiet-call filter because I keep opening listings one by one. Maybe this was specific to one venue.
FB-001625,2026-06-13T22:32:00Z,small_business,app_review,London,business_basic,billing,1,weekly,I need the company name and tax details on the invoice. This happened twice this month.
FB-001626,2026-06-13T04:53:00Z,company_admin,interview_excerpt,Remote,business_plus,booking_changes,2,weekly,It's not clear which bookings can be changed directly. I use DeskNest most weeks.
FB-001627,2025-10-04T13:42:00Z,small_business,support_ticket,Islamabad,business_plus,billing,2,monthly,"The receipt works for me personally, but not for our accounts team. My colleague had a similar issue last week."
FB-001628,2025-09-10T18:31:00Z,freelancer,email_feedback,London,operator,general,5,occasional,The map and date search make last-minute booking easy.
FB-001629,2025-09-19T11:44:00Z,small_business,survey,Remote,business_plus,booking_changes,2,first_time,"For a team booking, changing one detail feels like rebuilding the whole thing."
FB-001630,2026-06-24T08:40:00Z,remote_employee,interview_excerpt,Lahore,individual,billing,2,occasional,Our office manager wants one place to see all team booking charges.
FB-001631,2025-11-08T14:52:00Z,freelancer,in_app_feedback,Manchester,individual,confirmation,3,monthly,"The push notification arrived right away, but email was delayed. Maybe this was specific to one venue."
FB-001632,2026-06-04T18:30:00Z,coworking_operator,in_app_feedback,Remote,business_basic,availability,2,monthly,"The app showed a room available, but the venue said it was already booked. Our team has around eight people."
FB-001633,2026-03-26T17:24:00Z,freelancer,survey,Dubai,operator,search,3,first_time,"Search is quick, but comparing amenities across venues takes too long. The first booking was fine and the second one wasn't."
FB-001634,2025-10-16T15:00:00Z,small_business,support_ticket,Islamabad,operator,availability,2,weekly,"The space disappeared between search and checkout, which was frustrating. This is the main reason I'd hesitate to book again."
FB-001635,2025-10-19T05:41:00Z,freelancer,interview_excerpt,Islamabad,business_plus,support,2,first_time,I had three channels open for the same issue and wasn't sure which one was current.
FB-001636,2026-04-19T14:37:00Z,small_business,app_review,Islamabad,business_plus,availability,2,occasional,"My booking existed, but the venue said their calendar had something different. Not a deal-breaker, just annoying."
FB-001637,2026-07-01T07:25:00Z,company_admin,app_review,Dubai,business_plus,support,4,monthly,"The agent was quick, but I had already sent the booking ID in the first message."
FB-001638,2025-10-21T08:13:00Z,small_business,email_feedback,Manchester,operator,checkout,2,weekly,"The fee isn't huge, it just feels hidden until late in the process. This is the main reason I'd hesitate to book again."
FB-001639,2026-05-30T23:38:00Z,small_business,in_app_feedback,Lahore,operator,billing,2,weekly,Can the monthly statement be a proper invoice instead of just a booking summary? This mattered more because I was already late for a meeting.
FB-001640,2025-10-16T01:09:00Z,remote_employee,email_feedback,Islamabad,individual,billing,2,first_time,The billing address was wrong and I couldn't correct it myself after booking. Our team has around eight people.
FB-001641,2025-10-04T18:32:00Z,small_business,support_ticket,London,operator,general,5,first_time,Our team booked a room for eight people without needing support. The first booking was fine and the second one wasn't.
FB-001642,2025-12-21T21:53:00Z,freelancer,interview_excerpt,London,business_plus,venue,3,weekly,The room was smaller than it looked in the photos. This happened twice this month.
FB-001643,2026-03-23T21:51:00Z,coworking_operator,email_feedback,Manchester,business_plus,booking_changes,2,first_time,I want to move a booking to another time without losing the room. This happened twice this month.
FB-001644,2025-10-29T19:14:00Z,remote_employee,interview_excerpt,Karachi,business_basic,availability,1,monthly,"My booking existed, but the venue said their calendar had something different. I noticed the same thing in another city."
FB-001645,2026-05-31T16:58:00Z,remote_employee,in_app_feedback,London,individual,search,3,first_time,"Search is quick, but comparing amenities across venues takes too long."
FB-001646,2026-01-14T01:36:00Z,company_admin,interview_excerpt,Remote,business_plus,availability,1,monthly,I had a confirmed booking and there wasn't actually a free room when I arrived. I use DeskNest most weeks.
FB-001647,2025-12-16T07:49:00Z,coworking_operator,app_review,Manchester,individual,operator_tools,1,first_time,"When we have maintenance, updating every desk separately is painful. It worked the next time, but I still don't trust it."
FB-001648,2025-12-31T20:55:00Z,remote_employee,survey,Karachi,individual,accounts,2,first_time,It should be easier to separate personal receipts from work receipts. My colleague had a similar issue last week.
FB-001649,2026-07-22T22:21:00Z,freelancer,survey,Riyadh,business_plus,confirmation,1,occasional,"The push notification arrived right away, but email was delayed. This mattered more because I was already late for a meeting."
FB-001650,2026-03-02T22:26:00Z,small_business,in_app_feedback,London,individual,other,4,monthly,I accidentally gave the wrong rating.
FB-001651,2025-10-24T16:35:00Z,remote_employee,account_team_note,Riyadh,business_plus,accounts,2,first_time,"The company allowance is useful, but I sometimes lose track of which profile I'm using."
FB-001652,2025-12-05T09:15:00Z,company_admin,interview_excerpt,Manchester,business_plus,billing,1,first_time,"The receipt works for me personally, but not for our accounts team. Support eventually sorted it out."
FB-001653,2025-08-31T08:37:00Z,coworking_operator,app_review,Riyadh,operator,general,5,first_time,The booking flow is fast when I already know the area. I mostly book same-day.
FB-001654,2025-10-15T20:03:00Z,freelancer,survey,Manchester,business_plus,accounts,1,monthly,Our employees keep asking which payment method will be charged. This mattered more because I was already late for a meeting.
FB-001655,2026-05-30T18:12:00Z,freelancer,app_review,London,operator,refunds,2,weekly,"The cancellation went through quickly, but the money took longer."
FB-001656,2026-05-21T03:41:00Z,small_business,interview_excerpt,Manchester,individual,confirmation,1,occasional,The app said pending for a few minutes even though the payment went through. This is the main reason I'd hesitate to book again.
FB-001657,2026-06-04T09:01:00Z,freelancer,email_feedback,Riyadh,individual,accounts,2,occasional,Switching between my personal bookings and company bookings is confusing. This happened twice this month.
FB-001658,2026-02-25T14:46:00Z,freelancer,survey,London,operator,support,2,weekly,I wish support could see the earlier refund conversation without asking again. I use DeskNest most weeks.
FB-001659,2026-03-02T10:23:00Z,company_admin,email_feedback,Dubai,operator,billing,2,weekly,Can the monthly statement be a proper invoice instead of just a booking summary? I noticed the same thing in another city.
FB-001660,2025-12-23T14:51:00Z,small_business,email_feedback,Islamabad,business_plus,general,4,occasional,I use DeskNest every week because it saves me calling venues.
FB-001661,2026-06-12T09:08:00Z,freelancer,account_team_note,Dubai,business_basic,booking_changes,2,weekly,I couldn't see the cancellation rule until I went looking for it after booking. Support eventually sorted it out.
FB-001662,2026-03-25T06:59:00Z,remote_employee,email_feedback,Lahore,business_basic,search,2,weekly,I wish the app remembered my usual filters. I mostly book same-day.
FB-001663,2026-04-06T09:51:00Z,remote_employee,email_feedback,London,operator,confirmation,3,occasional,The app said pending for a few minutes even though the payment went through. I mostly book same-day.
FB-001664,2026-05-17T11:03:00Z,company_admin,survey,Riyadh,individual,general,5,first_time,The booking flow is fast when I already know the area. I use DeskNest most weeks.
FB-001665,2026-03-24T22:08:00Z,small_business,support_ticket,Dubai,operator,general,5,occasional,I found a desk near the station and booked it in under two minutes. I use DeskNest most weeks.
FB-001666,2026-05-01T20:23:00Z,remote_employee,survey,Manchester,business_basic,search,2,occasional,The filters reset when I go back from a venue page.
FB-001667,2025-11-06T12:27:00Z,remote_employee,account_team_note,Islamabad,business_plus,availability,2,weekly,"My booking existed, but the venue said their calendar had something different. I noticed the same thing in another city."
FB-001668,2025-11-12T01:44:00Z,remote_employee,in_app_feedback,Riyadh,operator,refunds,1,monthly,I want the app to show where the refund is in the process. I mostly book same-day.
FB-001669,2025-12-18T14:39:00Z,company_admin,app_review,Manchester,business_plus,billing,1,occasional,"Our finance team needs one invoice for the whole month, not twenty separate receipts. Our team has around eight people."
FB-001670,2026-01-31T12:44:00Z,remote_employee,survey,Manchester,operator,venue,2,weekly,Wi-Fi was excellent and the desk matched the listing. I use DeskNest most weeks.
FB-001671,2026-05-11T01:13:00Z,remote_employee,email_feedback,Manchester,operator,accounts,1,first_time,"I like having both accounts, I just want the switch to be more obvious."
FB-001672,2026-02-01T15:25:00Z,coworking_operator,survey,London,business_basic,operator_tools,1,weekly,We need bulk inventory changes across several days. I noticed the same thing in another city.
FB-001673,2025-09-07T06:39:00Z,freelancer,email_feedback,Riyadh,business_basic,availability,2,occasional,"DeskNest said the desk was open, but reception told me they had no space."
FB-001674,2025-08-21T04:31:00Z,coworking_operator,in_app_feedback,Manchester,business_basic,operator_tools,3,occasional,"I want to copy the same closure to multiple workspace types. It worked the next time, but I still don't trust it."
FB-001675,2026-05-23T07:39:00Z,small_business,in_app_feedback,Islamabad,individual,billing,2,weekly,I need the company name and tax details on the invoice. Maybe this was specific to one venue.
FB-001676,2026-07-13T04:04:00Z,small_business,interview_excerpt,Riyadh,business_plus,other,4,monthly,The weather was terrible that day.
FB-001677,2025-08-20T00:55:00Z,remote_employee,in_app_feedback,Riyadh,business_basic,availability,2,monthly,"My booking existed, but the venue said their calendar had something different. Not a deal-breaker, just annoying."
FB-001678,2025-10-27T03:27:00Z,remote_employee,account_team_note,Karachi,operator,accounts,2,monthly,Our employees keep asking which payment method will be charged.
FB-001679,2025-12-18T07:36:00Z,company_admin,account_team_note,London,individual,booking_changes,2,monthly,It's not clear which bookings can be changed directly. My colleague had a similar issue last week.
FB-001680,2026-02-01T04:13:00Z,company_admin,in_app_feedback,Lahore,individual,billing,3,weekly,"The receipt works for me personally, but not for our accounts team."
FB-001681,2025-09-18T10:14:00Z,company_admin,interview_excerpt,Karachi,operator,availability,1,monthly,Availability looked fine online and the operator had already blocked the room. I use DeskNest most weeks.
FB-001682,2026-06-29T22:30:00Z,company_admin,account_team_note,Lahore,business_basic,checkout,3,first_time,"I don't mind paying the fee, but I want to see it earlier. Support eventually sorted it out."
FB-001683,2026-04-19T20:48:00Z,company_admin,survey,Dubai,individual,general,4,first_time,The map and date search make last-minute booking easy. This is the main reason I'd hesitate to book again.
FB-001684,2026-07-04T13:55:00Z,small_business,survey,Dubai,individual,billing,1,monthly,"The receipt works for me personally, but not for our accounts team. It worked the next time, but I still don't trust it."
FB-001685,2025-12-14T08:40:00Z,company_admin,email_feedback,Riyadh,business_basic,other,5,weekly,Can someone call me?
FB-001686,2026-04-24T11:00:00Z,freelancer,email_feedback,London,individual,confirmation,2,weekly,I thought the booking failed because I didn't get a confirmation email.
FB-001687,2026-01-13T14:53:00Z,freelancer,interview_excerpt,Manchester,individual,venue,3,first_time,The space was much noisier than the listing made it sound. I use DeskNest most weeks.
FB-001688,2025-08-02T16:42:00Z,coworking_operator,support_ticket,London,business_plus,operator_tools,1,weekly,The operator portal and what customers see don't always update at the same time. This happened twice this month.
FB-001689,2025-11-24T17:12:00Z,freelancer,account_team_note,Riyadh,business_plus,booking_changes,1,monthly,Changing the booking time should be easier than cancelling and starting again. Our team has around eight people.
FB-001690,2026-02-10T13:55:00Z,freelancer,survey,London,operator,general,5,weekly,The booking flow is fast when I already know the area.
FB-001691,2026-04-13T08:53:00Z,remote_employee,app_review,Islamabad,individual,general,5,first_time,The map and date search make last-minute booking easy. This mattered more because I was already late for a meeting.
FB-001692,2026-07-11T11:39:00Z,remote_employee,survey,Riyadh,operator,support,3,occasional,Support was helpful and solved the issue on the first reply. This mattered more because I was already late for a meeting.
FB-001693,2026-02-08T12:06:00Z,remote_employee,interview_excerpt,Manchester,business_basic,support,4,monthly,"Support fixed it, but I had to explain the same booking problem twice. This is the main reason I'd hesitate to book again."
FB-001694,2026-06-22T22:06:00Z,coworking_operator,interview_excerpt,Karachi,business_plus,general,5,occasional,Our team booked a room for eight people without needing support. This mattered more because I was already late for a meeting.
FB-001695,2025-12-07T22:20:00Z,small_business,interview_excerpt,Islamabad,individual,billing,2,first_time,"Can the monthly statement be a proper invoice instead of just a booking summary? Not a deal-breaker, just annoying."
FB-001696,2025-12-01T13:23:00Z,freelancer,account_team_note,Islamabad,business_basic,accounts,2,monthly,Switching between my personal bookings and company bookings is confusing.
FB-001697,2026-02-12T13:25:00Z,remote_employee,in_app_feedback,London,business_plus,availability,3,monthly,"The space disappeared between search and checkout, which was frustrating. This mattered more because I was already late for a meeting."
FB-001698,2025-10-09T23:36:00Z,freelancer,survey,Manchester,business_basic,venue,2,occasional,The room was smaller than it looked in the photos.
FB-001699,2026-02-16T05:35:00Z,small_business,account_team_note,London,business_basic,billing,3,first_time,I need the company name and tax details on the invoice. This happened twice this month.
FB-001700,2026-02-02T02:04:00Z,remote_employee,in_app_feedback,Riyadh,individual,search,2,monthly,"The neighborhood filter is too broad for where I actually need to work. Not a deal-breaker, just annoying."
FB-001701,2026-03-12T05:35:00Z,small_business,interview_excerpt,Karachi,business_plus,billing,1,monthly,"Our finance team needs one invoice for the whole month, not twenty separate receipts."
FB-001702,2025-11-06T15:47:00Z,coworking_operator,email_feedback,London,operator,support,3,weekly,Support was helpful and solved the issue on the first reply.
FB-001703,2025-10-12T13:36:00Z,freelancer,interview_excerpt,Remote,operator,confirmation,2,occasional,I booked again because the first confirmation never showed up in my inbox. I use DeskNest most weeks.
FB-001704,2025-10-08T02:18:00Z,coworking_operator,in_app_feedback,Remote,operator,operator_tools,1,occasional,"Blocking twenty desks one by one for a private event is too slow. It worked the next time, but I still don't trust it."
FB-001705,2026-01-03T20:21:00Z,coworking_operator,app_review,Riyadh,business_basic,operator_tools,2,occasional,"When we have maintenance, updating every desk separately is painful."
FB-001706,2025-10-15T01:41:00Z,freelancer,survey,Dubai,operator,search,1,weekly,I wish the app remembered my usual filters.
FB-001707,2026-06-14T13:43:00Z,small_business,in_app_feedback,Karachi,individual,accounts,2,first_time,"I like having both accounts, I just want the switch to be more obvious. Support eventually sorted it out."
FB-001708,2026-04-21T08:18:00Z,remote_employee,interview_excerpt,Lahore,business_plus,confirmation,1,monthly,I thought the booking failed because I didn't get a confirmation email.
FB-001709,2026-04-13T02:59:00Z,coworking_operator,survey,Manchester,operator,operator_tools,2,occasional,The operator portal and what customers see don't always update at the same time. This mattered more because I was already late for a meeting.
FB-001710,2026-04-10T00:25:00Z,freelancer,interview_excerpt,London,business_basic,checkout,2,monthly,"I don't mind paying the fee, but I want to see it earlier. Support eventually sorted it out."
FB-001711,2025-11-15T13:25:00Z,small_business,survey,Dubai,business_plus,search,1,weekly,I wish the app remembered my usual filters. I use DeskNest most weeks.
FB-001712,2026-06-23T22:25:00Z,small_business,in_app_feedback,Islamabad,operator,billing,1,occasional,Can the monthly statement be a proper invoice instead of just a booking summary? This happened twice this month.
FB-001713,2025-10-29T03:30:00Z,remote_employee,interview_excerpt,London,individual,search,1,occasional,I wish the app remembered my usual filters. This is the main reason I'd hesitate to book again.
FB-001714,2026-07-09T04:04:00Z,remote_employee,in_app_feedback,Remote,operator,other,4,first_time,"Not sure yet, I only used it once."
FB-001715,2025-10-28T16:39:00Z,coworking_operator,account_team_note,London,individual,billing,2,weekly,Can the monthly statement be a proper invoice instead of just a booking summary? I noticed the same thing in another city.
FB-001716,2026-04-10T01:59:00Z,freelancer,email_feedback,Manchester,business_basic,general,4,occasional,I use DeskNest every week because it saves me calling venues.
FB-001717,2025-11-28T19:14:00Z,small_business,app_review,Karachi,individual,search,2,occasional,The neighborhood filter is too broad for where I actually need to work. This mattered more because I was already late for a meeting.
FB-001718,2026-05-31T10:46:00Z,freelancer,email_feedback,Islamabad,operator,general,5,occasional,Our team booked a room for eight people without needing support. Maybe this was specific to one venue.
FB-001719,2025-12-23T23:07:00Z,small_business,app_review,London,business_plus,search,2,weekly,"I can find a desk, but it's hard to tell which ones allow calls. I use DeskNest most weeks."
FB-001720,2026-02-14T21:50:00Z,remote_employee,account_team_note,Riyadh,business_plus,refunds,2,first_time,"The bank delay is understandable, but the status in DeskNest is too vague. This is the main reason I'd hesitate to book again."
FB-001721,2026-07-21T17:18:00Z,company_admin,account_team_note,Islamabad,business_basic,billing,2,first_time,"We spend too much time downloading one document per booking. It worked the next time, but I still don't trust it."
FB-001722,2025-09-08T01:44:00Z,remote_employee,support_ticket,Karachi,individual,search,2,occasional,"I want to filter for desks with an external monitor, not just venues that have monitors somewhere. This happened twice this month."
FB-001723,2026-03-04T01:55:00Z,freelancer,account_team_note,Lahore,individual,checkout,2,first_time,"I don't mind paying the fee, but I want to see it earlier."
FB-001724,2025-11-23T22:08:00Z,small_business,email_feedback,Karachi,operator,venue,2,occasional,The room was smaller than it looked in the photos. This is the main reason I'd hesitate to book again.
FB-001725,2025-08-14T12:39:00Z,coworking_operator,interview_excerpt,London,business_basic,support,4,first_time,The second agent didn't seem to have the context from my earlier message. The first booking was fine and the second one wasn't.
FB-001726,2025-10-29T09:03:00Z,freelancer,account_team_note,Karachi,individual,accounts,2,weekly,I want a clearer indicator when I'm booking under the company account. Support eventually sorted it out.
FB-001727,2025-10-06T23:40:00Z,freelancer,interview_excerpt,Manchester,individual,general,5,weekly,Confirmation was immediate and the venue had everything listed. This happened twice this month.
FB-001728,2026-06-16T19:22:00Z,small_business,support_ticket,London,operator,booking_changes,2,occasional,We had to cancel the whole room because two attendees changed. This mattered more because I was already late for a meeting.
FB-001729,2025-11-11T14:07:00Z,small_business,app_review,Remote,business_basic,booking_changes,2,monthly,"For a team booking, changing one detail feels like rebuilding the whole thing."
FB-001730,2025-08-04T04:16:00Z,remote_employee,app_review,Karachi,business_plus,accounts,3,first_time,I accidentally used my personal card for a work booking. Support eventually sorted it out.
FB-001731,2026-02-08T06:11:00Z,company_admin,app_review,Riyadh,individual,billing,2,monthly,Our office manager wants one place to see all team booking charges. This happened twice this month.
FB-001732,2026-05-19T01:19:00Z,coworking_operator,survey,Lahore,business_basic,operator_tools,2,first_time,We need bulk inventory changes across several days.
FB-001733,2026-04-06T19:52:00Z,small_business,in_app_feedback,Karachi,operator,booking_changes,2,occasional,I couldn't see the cancellation rule until I went looking for it after booking. I use DeskNest most weeks.
FB-001734,2026-01-25T04:56:00Z,small_business,account_team_note,Islamabad,business_plus,billing,1,weekly,I need the company name and tax details on the invoice. This is the main reason I'd hesitate to book again.
FB-001735,2025-10-05T11:05:00Z,coworking_operator,email_feedback,Karachi,business_plus,operator_tools,2,weekly,I want a history of who changed the availability and when.
FB-001736,2025-09-19T23:44:00Z,small_business,app_review,Karachi,business_basic,support,3,weekly,The second agent didn't seem to have the context from my earlier message. My colleague had a similar issue last week.
FB-001737,2026-05-31T04:40:00Z,small_business,account_team_note,Lahore,business_basic,support,2,occasional,"Support fixed it, but I had to explain the same booking problem twice. Not a deal-breaker, just annoying."
FB-001738,2026-02-24T13:36:00Z,small_business,survey,Karachi,business_basic,accounts,1,monthly,I accidentally used my personal card for a work booking. I noticed the same thing in another city.
FB-001739,2026-04-20T21:21:00Z,remote_employee,email_feedback,Manchester,operator,support,2,weekly,"Support fixed it, but I had to explain the same booking problem twice. The first booking was fine and the second one wasn't."
FB-001740,2025-08-04T21:55:00Z,remote_employee,in_app_feedback,Manchester,operator,confirmation,2,occasional,The app said pending for a few minutes even though the payment went through. My colleague had a similar issue last week.
FB-001741,2025-09-02T20:24:00Z,remote_employee,account_team_note,Karachi,business_plus,venue,3,monthly,The listing should say whether phone calls are allowed in the open area. I use DeskNest most weeks.
FB-001742,2025-09-22T08:22:00Z,company_admin,survey,Riyadh,operator,accounts,2,first_time,It should be easier to separate personal receipts from work receipts.
FB-001743,2025-12-13T09:25:00Z,freelancer,interview_excerpt,Remote,individual,checkout,2,first_time,"I don't mind paying the fee, but I want to see it earlier. It worked the next time, but I still don't trust it."
FB-001744,2026-05-22T22:46:00Z,remote_employee,support_ticket,London,individual,general,5,weekly,I use DeskNest every week because it saves me calling venues. I mostly book same-day.
FB-001745,2025-12-01T13:05:00Z,small_business,email_feedback,Lahore,individual,checkout,2,first_time,"The fee isn't huge, it just feels hidden until late in the process. This happened twice this month."
FB-001746,2026-05-26T08:33:00Z,small_business,in_app_feedback,Karachi,business_plus,support,3,occasional,"Support fixed it, but I had to explain the same booking problem twice. The first booking was fine and the second one wasn't."
FB-001747,2025-10-28T10:15:00Z,freelancer,email_feedback,Remote,business_basic,checkout,1,first_time,The total changed enough at checkout that I went back to compare venues.
FB-001748,2025-12-14T05:02:00Z,freelancer,survey,Manchester,operator,support,3,monthly,I had three channels open for the same issue and wasn't sure which one was current.
FB-001749,2026-06-27T21:59:00Z,remote_employee,email_feedback,Karachi,business_basic,refunds,1,weekly,I want the app to show where the refund is in the process.
FB-001750,2025-10-27T16:44:00Z,small_business,survey,Manchester,operator,checkout,3,first_time,The service fee should be clearer before the final checkout screen. The first booking was fine and the second one wasn't.
FB-001751,2025-08-06T09:34:00Z,coworking_operator,survey,Riyadh,operator,operator_tools,2,monthly,"I need clearer confirmation that an inventory block actually saved. Not a deal-breaker, just annoying."
FB-001752,2025-09-16T04:44:00Z,coworking_operator,in_app_feedback,Dubai,individual,checkout,2,first_time,"I don't mind paying the fee, but I want to see it earlier. The first booking was fine and the second one wasn't."
FB-001753,2026-06-02T21:47:00Z,remote_employee,in_app_feedback,Lahore,business_basic,confirmation,2,occasional,"The push notification arrived right away, but email was delayed. It worked the next time, but I still don't trust it."
FB-001754,2026-01-05T18:37:00Z,small_business,account_team_note,Riyadh,business_plus,general,5,first_time,The booking flow is fast when I already know the area. I use DeskNest most weeks.
FB-001755,2026-05-23T10:46:00Z,remote_employee,survey,Dubai,business_basic,search,2,first_time,"I want to filter for desks with an external monitor, not just venues that have monitors somewhere. Support eventually sorted it out."
FB-001756,2026-02-01T01:44:00Z,freelancer,support_ticket,Manchester,business_basic,availability,3,weekly,"DeskNest said the desk was open, but reception told me they had no space."
FB-001757,2025-10-11T14:53:00Z,freelancer,survey,Manchester,individual,venue,2,weekly,The room was smaller than it looked in the photos. I noticed the same thing in another city.
FB-001758,2025-08-09T14:07:00Z,coworking_operator,in_app_feedback,Lahore,individual,billing,1,monthly,"Our finance team needs one invoice for the whole month, not twenty separate receipts. This is the main reason I'd hesitate to book again."
FB-001759,2025-12-04T06:10:00Z,remote_employee,in_app_feedback,London,individual,booking_changes,3,weekly,I couldn't see the cancellation rule until I went looking for it after booking. Our team has around eight people.
FB-001760,2025-09-15T11:51:00Z,freelancer,survey,Remote,individual,availability,3,weekly,"My booking existed, but the venue said their calendar had something different. I use DeskNest most weeks."
FB-001761,2026-01-15T15:55:00Z,small_business,interview_excerpt,Lahore,individual,billing,2,first_time,I need the company name and tax details on the invoice.
FB-001762,2026-04-23T16:40:00Z,remote_employee,app_review,Remote,business_basic,search,3,weekly,"I can find a desk, but it's hard to tell which ones allow calls. It worked the next time, but I still don't trust it."
FB-001763,2026-07-09T02:53:00Z,freelancer,email_feedback,Remote,operator,general,5,occasional,The map and date search make last-minute booking easy. Support eventually sorted it out.
FB-001764,2025-09-03T14:15:00Z,remote_employee,account_team_note,Lahore,individual,venue,2,monthly,The room was smaller than it looked in the photos. Support eventually sorted it out.
FB-001765,2025-10-16T15:35:00Z,remote_employee,survey,London,individual,billing,2,first_time,Can the monthly statement be a proper invoice instead of just a booking summary?
FB-001766,2025-08-27T07:10:00Z,freelancer,app_review,Riyadh,business_basic,booking_changes,2,weekly,Changing the booking time should be easier than cancelling and starting again. The first booking was fine and the second one wasn't.
FB-001767,2025-10-13T22:49:00Z,small_business,support_ticket,Lahore,individual,booking_changes,2,weekly,"The refund was correct, but the rescheduling flow took too many steps. I noticed the same thing in another city."
FB-001768,2025-09-21T02:49:00Z,coworking_operator,support_ticket,Dubai,business_plus,support,4,occasional,"Support fixed it, but I had to explain the same booking problem twice. I mostly book same-day."
FB-001769,2026-03-11T20:08:00Z,freelancer,support_ticket,London,operator,search,2,occasional,"I wish the app remembered my usual filters. It worked the next time, but I still don't trust it."
FB-001770,2025-12-15T20:00:00Z,remote_employee,email_feedback,Lahore,business_plus,search,2,occasional,I need a quiet-call filter because I keep opening listings one by one. This mattered more because I was already late for a meeting.
FB-001771,2025-10-22T07:28:00Z,remote_employee,support_ticket,London,business_basic,billing,2,monthly,I need the company name and tax details on the invoice. I mostly book same-day.
FB-001772,2025-10-25T22:59:00Z,coworking_operator,account_team_note,Remote,business_basic,operator_tools,2,monthly,"The calendar is usable, but bulk close is still limited for some inventory. This is the main reason I'd hesitate to book again."
FB-001773,2025-08-03T18:20:00Z,freelancer,survey,Lahore,business_plus,search,2,occasional,"Search is quick, but comparing amenities across venues takes too long. This mattered more because I was already late for a meeting."
FB-001774,2025-08-22T19:04:00Z,small_business,email_feedback,Karachi,business_basic,other,2,weekly,Can someone call me?
FB-001775,2026-02-08T10:52:00Z,small_business,survey,London,operator,booking_changes,2,monthly,"For a team booking, changing one detail feels like rebuilding the whole thing. The first booking was fine and the second one wasn't."
FB-001776,2026-01-30T09:05:00Z,remote_employee,survey,Riyadh,operator,confirmation,2,monthly,I booked again because the first confirmation never showed up in my inbox. I noticed the same thing in another city.
FB-001777,2026-06-29T02:51:00Z,freelancer,support_ticket,Manchester,individual,confirmation,3,monthly,"I booked again because the first confirmation never showed up in my inbox. It worked the next time, but I still don't trust it."
FB-001778,2025-08-20T14:48:00Z,coworking_operator,email_feedback,London,individual,operator_tools,2,first_time,"The calendar is usable, but bulk close is still limited for some inventory. I noticed the same thing in another city."
FB-001779,2026-03-25T17:54:00Z,freelancer,survey,Lahore,individual,venue,4,first_time,The space was much noisier than the listing made it sound. I mostly book same-day.
FB-001780,2025-11-28T10:38:00Z,coworking_operator,app_review,Remote,operator,operator_tools,1,first_time,"I want to copy the same closure to multiple workspace types. It worked the next time, but I still don't trust it."
FB-001781,2025-09-30T15:32:00Z,remote_employee,email_feedback,Lahore,operator,availability,3,monthly,"My booking existed, but the venue said their calendar had something different. The first booking was fine and the second one wasn't."
FB-001782,2026-07-16T19:02:00Z,small_business,app_review,Dubai,business_plus,search,3,monthly,I need a quiet-call filter because I keep opening listings one by one.
FB-001783,2026-05-07T18:35:00Z,small_business,in_app_feedback,Lahore,business_plus,billing,1,occasional,"We spend too much time downloading one document per booking. Not a deal-breaker, just annoying."
FB-001784,2025-08-03T16:46:00Z,company_admin,interview_excerpt,Lahore,business_plus,refunds,3,weekly,"Support said the refund was sent, but I couldn't see it yet. This is the main reason I'd hesitate to book again."
FB-001785,2025-11-22T10:20:00Z,coworking_operator,account_team_note,Lahore,business_plus,operator_tools,2,monthly,Inventory edits take longer than pricing edits. I noticed the same thing in another city.
FB-001786,2025-08-27T11:53:00Z,freelancer,account_team_note,Islamabad,business_plus,confirmation,3,first_time,I received two confirmation emails for the same booking. Maybe this was specific to one venue.
FB-001787,2025-10-31T12:51:00Z,remote_employee,email_feedback,Islamabad,business_basic,billing,2,monthly,"Our finance team needs one invoice for the whole month, not twenty separate receipts. This mattered more because I was already late for a meeting."
FB-001788,2026-01-06T11:40:00Z,coworking_operator,app_review,Dubai,business_basic,operator_tools,2,monthly,Blocking twenty desks one by one for a private event is too slow. This mattered more because I was already late for a meeting.
FB-001789,2025-12-22T03:45:00Z,freelancer,interview_excerpt,Manchester,operator,availability,2,weekly,"DeskNest said the desk was open, but reception told me they had no space. Maybe this was specific to one venue."
FB-001790,2025-10-17T00:01:00Z,freelancer,account_team_note,Karachi,operator,support,2,weekly,"The answer was good, but it took almost a day. The first booking was fine and the second one wasn't."
FB-001791,2025-10-06T01:37:00Z,remote_employee,account_team_note,Manchester,individual,booking_changes,2,monthly,I want to move a booking to another time without losing the room.
FB-001792,2025-08-23T18:10:00Z,freelancer,support_ticket,Islamabad,individual,refunds,3,weekly,"The refund was approved, but it took several days to show in my bank."
FB-001793,2026-01-06T10:22:00Z,company_admin,email_feedback,Islamabad,business_plus,accounts,2,occasional,"The company allowance is useful, but I sometimes lose track of which profile I'm using. Our team has around eight people."
FB-001794,2025-08-03T23:46:00Z,remote_employee,support_ticket,Manchester,business_basic,billing,1,monthly,We spend too much time downloading one document per booking. I use DeskNest most weeks.
FB-001795,2026-06-26T05:16:00Z,freelancer,app_review,Karachi,business_basic,confirmation,2,occasional,"The push notification arrived right away, but email was delayed. This mattered more because I was already late for a meeting."
FB-001796,2026-02-03T18:06:00Z,coworking_operator,app_review,Manchester,business_basic,availability,2,first_time,"DeskNest said the desk was open, but reception told me they had no space. I mostly book same-day."
FB-001797,2026-06-03T04:01:00Z,small_business,support_ticket,Karachi,individual,venue,4,first_time,Wi-Fi was excellent and the desk matched the listing. My colleague had a similar issue last week.
FB-001798,2025-12-12T08:02:00Z,freelancer,app_review,Lahore,individual,venue,3,first_time,The venue was clean and exactly as described.
FB-001799,2026-07-12T17:41:00Z,remote_employee,in_app_feedback,Dubai,individual,accounts,1,occasional,"I like having both accounts, I just want the switch to be more obvious. Not a deal-breaker, just annoying."
FB-001800,2025-09-24T06:13:00Z,small_business,account_team_note,Islamabad,individual,billing,1,monthly,We spend too much time downloading one document per booking. This is the main reason I'd hesitate to book again.
FB-001801,2025-12-23T07:10:00Z,remote_employee,survey,London,individual,booking_changes,2,first_time,I couldn't see the cancellation rule until I went looking for it after booking.
FB-001802,2025-12-17T23:53:00Z,remote_employee,support_ticket,London,business_plus,venue,4,first_time,Wi-Fi was excellent and the desk matched the listing. I mostly book same-day.
FB-001803,2026-06-07T02:38:00Z,small_business,email_feedback,Karachi,individual,venue,2,first_time,Wi-Fi was excellent and the desk matched the listing. This is the main reason I'd hesitate to book again.
FB-001804,2026-06-08T05:07:00Z,remote_employee,email_feedback,Remote,individual,support,4,first_time,"The answer was good, but it took almost a day. The first booking was fine and the second one wasn't."
FB-001805,2026-03-22T13:03:00Z,small_business,email_feedback,Remote,business_plus,confirmation,1,monthly,I thought the booking failed because I didn't get a confirmation email. The first booking was fine and the second one wasn't.
FB-001806,2025-12-21T04:59:00Z,freelancer,interview_excerpt,Lahore,operator,search,2,monthly,The neighborhood filter is too broad for where I actually need to work.
FB-001807,2026-03-10T22:14:00Z,freelancer,app_review,Islamabad,operator,search,1,monthly,The neighborhood filter is too broad for where I actually need to work.
FB-001808,2026-03-04T18:39:00Z,small_business,survey,Karachi,individual,availability,1,weekly,"The space disappeared between search and checkout, which was frustrating. I use DeskNest most weeks."
FB-001809,2026-06-21T17:03:00Z,small_business,interview_excerpt,Riyadh,business_plus,billing,1,weekly,"Our finance team needs one invoice for the whole month, not twenty separate receipts."
FB-001810,2025-10-25T03:12:00Z,freelancer,survey,Lahore,business_plus,accounts,2,occasional,"Switching between my personal bookings and company bookings is confusing. Not a deal-breaker, just annoying."
FB-001811,2026-06-01T18:45:00Z,remote_employee,interview_excerpt,Lahore,business_basic,accounts,2,occasional,"I like having both accounts, I just want the switch to be more obvious. Not a deal-breaker, just annoying."
FB-001812,2025-12-12T21:48:00Z,coworking_operator,support_ticket,Islamabad,individual,operator_tools,2,weekly,"Our local calendar showed the room blocked, but DeskNest still accepted a request."
FB-001813,2026-02-08T11:28:00Z,small_business,in_app_feedback,London,individual,search,2,occasional,I wish the app remembered my usual filters.
FB-001814,2025-11-16T13:58:00Z,freelancer,email_feedback,Remote,business_basic,availability,3,monthly,"My booking existed, but the venue said their calendar had something different."
FB-001815,2025-08-14T02:18:00Z,small_business,support_ticket,London,individual,general,5,occasional,Our team booked a room for eight people without needing support. I mostly book same-day.
FB-001816,2025-12-24T00:23:00Z,freelancer,support_ticket,Dubai,individual,checkout,1,occasional,"I don't mind paying the fee, but I want to see it earlier. I use DeskNest most weeks."
FB-001817,2025-10-22T07:03:00Z,freelancer,app_review,Lahore,business_basic,checkout,2,weekly,"The fee isn't huge, it just feels hidden until late in the process. Not a deal-breaker, just annoying."
FB-001818,2026-03-07T05:37:00Z,company_admin,email_feedback,Islamabad,business_plus,accounts,2,first_time,"The company allowance is useful, but I sometimes lose track of which profile I'm using. I use DeskNest most weeks."
FB-001819,2026-04-08T00:51:00Z,remote_employee,email_feedback,Lahore,operator,accounts,2,monthly,I accidentally used my personal card for a work booking. Support eventually sorted it out.
FB-001820,2026-02-12T04:11:00Z,freelancer,interview_excerpt,Islamabad,operator,confirmation,1,monthly,The booking was confirmed in the app but the email came twenty minutes later. Support eventually sorted it out.
FB-001821,2025-10-06T08:54:00Z,small_business,support_ticket,Islamabad,business_basic,availability,2,weekly,"The app showed a room available, but the venue said it was already booked. My colleague had a similar issue last week."
FB-001822,2026-08-07T22:42:00Z,freelancer,account_team_note,Riyadh,business_plus,search,2,first_time,The filters reset when I go back from a venue page.
FB-001823,2026-03-21T17:13:00Z,freelancer,in_app_feedback,Lahore,individual,availability,2,first_time,"The app showed a room available, but the venue said it was already booked. My colleague had a similar issue last week."
FB-001824,2026-01-29T04:43:00Z,coworking_operator,interview_excerpt,Manchester,business_plus,operator_tools,1,monthly,"We had a customer arrive after we thought the room was closed online. It worked the next time, but I still don't trust it."
FB-001825,2025-08-01T19:37:00Z,remote_employee,email_feedback,Dubai,business_plus,confirmation,2,occasional,The booking was confirmed in the app but the email came twenty minutes later. Our team has around eight people.
FB-001826,2026-03-05T01:27:00Z,remote_employee,support_ticket,Karachi,operator,billing,2,weekly,"Our finance team needs one invoice for the whole month, not twenty separate receipts. The first booking was fine and the second one wasn't."
FB-001827,2026-03-31T21:53:00Z,coworking_operator,in_app_feedback,London,business_basic,operator_tools,2,weekly,Blocking twenty desks one by one for a private event is too slow. This mattered more because I was already late for a meeting.
FB-001828,2025-11-26T07:00:00Z,freelancer,survey,Riyadh,operator,venue,4,occasional,The venue was clean and exactly as described.
FB-001829,2025-08-20T10:18:00Z,small_business,survey,Riyadh,individual,booking_changes,3,weekly,"Changing the booking time should be easier than cancelling and starting again. It worked the next time, but I still don't trust it."
FB-001830,2026-07-03T11:26:00Z,remote_employee,app_review,Riyadh,individual,search,1,first_time,I need a quiet-call filter because I keep opening listings one by one.
FB-001831,2025-08-04T20:05:00Z,freelancer,in_app_feedback,Karachi,business_plus,venue,3,monthly,The listing should say whether phone calls are allowed in the open area.
FB-001832,2025-12-25T06:14:00Z,freelancer,email_feedback,Dubai,business_basic,venue,3,weekly,The venue was clean and exactly as described.
FB-001833,2025-10-01T11:50:00Z,freelancer,email_feedback,Lahore,business_plus,venue,3,first_time,"Reception was helpful, but the access instructions in the app were outdated."
FB-001834,2025-09-08T05:16:00Z,freelancer,app_review,Lahore,individual,availability,2,occasional,I don't trust the availability anymore because the same thing happened twice. This is the main reason I'd hesitate to book again.
FB-001835,2025-11-09T23:08:00Z,small_business,survey,London,operator,booking_changes,2,weekly,Changing the booking time should be easier than cancelling and starting again.
FB-001836,2026-01-07T16:07:00Z,small_business,app_review,Karachi,operator,availability,2,occasional,I had a confirmed booking and there wasn't actually a free room when I arrived. My colleague had a similar issue last week.
FB-001837,2026-03-26T21:48:00Z,small_business,interview_excerpt,London,business_basic,accounts,2,monthly,I want a clearer indicator when I'm booking under the company account.
FB-001838,2026-03-10T19:12:00Z,small_business,support_ticket,Remote,operator,billing,3,weekly,Can the monthly statement be a proper invoice instead of just a booking summary?
FB-001839,2025-12-28T10:34:00Z,small_business,interview_excerpt,Karachi,individual,availability,2,first_time,"My booking existed, but the venue said their calendar had something different."
FB-001840,2026-04-20T17:16:00Z,company_admin,support_ticket,Islamabad,business_basic,billing,2,first_time,Can the monthly statement be a proper invoice instead of just a booking summary? Maybe this was specific to one venue.
FB-001841,2026-05-17T11:48:00Z,small_business,account_team_note,Manchester,individual,venue,3,first_time,"Reception was helpful, but the access instructions in the app were outdated."
FB-001842,2026-05-02T16:40:00Z,small_business,account_team_note,Remote,business_basic,general,5,occasional,"The map and date search make last-minute booking easy. Not a deal-breaker, just annoying."
FB-001843,2026-05-16T11:30:00Z,freelancer,interview_excerpt,Dubai,business_plus,support,3,first_time,Support was helpful and solved the issue on the first reply.
FB-001844,2026-04-29T19:15:00Z,freelancer,interview_excerpt,Dubai,individual,refunds,3,occasional,I want the app to show where the refund is in the process.
FB-001845,2025-11-11T20:03:00Z,small_business,in_app_feedback,Riyadh,business_basic,availability,2,weekly,"DeskNest said the desk was open, but reception told me they had no space. It worked the next time, but I still don't trust it."
FB-001846,2025-08-23T05:49:00Z,small_business,account_team_note,Manchester,individual,accounts,1,first_time,I want a clearer indicator when I'm booking under the company account.
FB-001847,2026-06-13T02:59:00Z,coworking_operator,in_app_feedback,Karachi,operator,operator_tools,1,monthly,I want to copy the same closure to multiple workspace types. My colleague had a similar issue last week.
FB-001848,2026-03-01T21:20:00Z,remote_employee,app_review,Islamabad,operator,accounts,2,occasional,Switching between my personal bookings and company bookings is confusing. This mattered more because I was already late for a meeting.
FB-001849,2025-10-24T02:09:00Z,freelancer,survey,Karachi,business_plus,accounts,2,first_time,"I want a clearer indicator when I'm booking under the company account. Not a deal-breaker, just annoying."
FB-001850,2026-01-03T01:44:00Z,freelancer,support_ticket,Manchester,operator,checkout,1,weekly,The service fee should be clearer before the final checkout screen. This is the main reason I'd hesitate to book again.
FB-001851,2026-02-06T08:50:00Z,remote_employee,app_review,Islamabad,operator,other,2,weekly,Please add dark mode.
FB-001852,2026-02-22T21:31:00Z,small_business,email_feedback,Remote,business_basic,confirmation,2,weekly,I thought the booking failed because I didn't get a confirmation email.
FB-001853,2025-12-15T08:31:00Z,remote_employee,account_team_note,Manchester,individual,billing,2,monthly,Can the monthly statement be a proper invoice instead of just a booking summary? Maybe this was specific to one venue.
FB-001854,2026-07-17T03:41:00Z,small_business,interview_excerpt,London,business_basic,availability,3,occasional,I don't trust the availability anymore because the same thing happened twice. This is the main reason I'd hesitate to book again.
FB-001855,2026-03-09T06:38:00Z,small_business,survey,Riyadh,operator,other,2,first_time,Works fine.
FB-001856,2026-03-26T18:14:00Z,coworking_operator,account_team_note,Islamabad,operator,billing,2,occasional,The billing address was wrong and I couldn't correct it myself after booking. My colleague had a similar issue last week.
FB-001857,2026-06-27T10:59:00Z,company_admin,account_team_note,Riyadh,individual,accounts,2,monthly,I accidentally used my personal card for a work booking. This happened twice this month.
FB-001858,2025-09-24T11:10:00Z,small_business,interview_excerpt,Dubai,individual,billing,1,monthly,Our office manager wants one place to see all team booking charges. I noticed the same thing in another city.
FB-001859,2026-04-21T20:29:00Z,remote_employee,survey,Manchester,operator,availability,2,first_time,"DeskNest said the desk was open, but reception told me they had no space. I use DeskNest most weeks."
FB-001860,2026-06-29T06:55:00Z,small_business,interview_excerpt,Dubai,business_plus,checkout,2,occasional,"The fee isn't huge, it just feels hidden until late in the process. I noticed the same thing in another city."
FB-001861,2026-04-20T10:36:00Z,freelancer,support_ticket,Dubai,business_plus,support,4,occasional,I had three channels open for the same issue and wasn't sure which one was current.
FB-001862,2025-12-28T18:16:00Z,company_admin,survey,Karachi,individual,other,4,weekly,Works fine.
FB-001863,2026-06-27T06:22:00Z,company_admin,in_app_feedback,Dubai,business_basic,billing,1,first_time,I need the company name and tax details on the invoice.
FB-001864,2026-08-06T22:27:00Z,company_admin,email_feedback,London,business_plus,other,3,occasional,Can someone call me?
FB-001865,2026-06-04T15:29:00Z,freelancer,support_ticket,Dubai,operator,other,3,occasional,No comment.
FB-001866,2026-06-14T22:36:00Z,remote_employee,interview_excerpt,Islamabad,business_basic,accounts,1,monthly,Our employees keep asking which payment method will be charged. Our team has around eight people.
FB-001867,2026-08-05T04:36:00Z,remote_employee,survey,Remote,business_plus,venue,4,monthly,The monitor in the photos wasn't available at my desk. This mattered more because I was already late for a meeting.
FB-001868,2026-04-13T22:37:00Z,freelancer,survey,Islamabad,individual,search,2,weekly,"I can find a desk, but it's hard to tell which ones allow calls."
FB-001869,2026-06-12T14:54:00Z,company_admin,survey,London,individual,confirmation,1,weekly,I need faster confirmation because I usually book on the way to a meeting. My colleague had a similar issue last week.
FB-001870,2025-08-03T08:14:00Z,freelancer,interview_excerpt,Dubai,individual,confirmation,2,weekly,I need faster confirmation because I usually book on the way to a meeting. This happened twice this month.
FB-001871,2026-02-17T12:02:00Z,small_business,support_ticket,Karachi,operator,accounts,2,occasional,"The company allowance is useful, but I sometimes lose track of which profile I'm using. Maybe this was specific to one venue."
FB-001872,2026-05-12T18:56:00Z,freelancer,in_app_feedback,London,business_plus,search,1,occasional,I need a quiet-call filter because I keep opening listings one by one. Our team has around eight people.
FB-001873,2026-02-21T04:42:00Z,remote_employee,survey,Remote,business_plus,billing,1,monthly,"The receipt works for me personally, but not for our accounts team. This mattered more because I was already late for a meeting."
FB-001874,2026-08-02T10:34:00Z,remote_employee,app_review,Islamabad,operator,billing,3,weekly,The billing address was wrong and I couldn't correct it myself after booking.
FB-001875,2026-06-30T04:25:00Z,small_business,in_app_feedback,Islamabad,individual,booking_changes,2,first_time,I want to move a booking to another time without losing the room. My colleague had a similar issue last week.
FB-001876,2026-05-22T10:42:00Z,company_admin,support_ticket,Riyadh,operator,support,2,monthly,"I wish support could see the earlier refund conversation without asking again. It worked the next time, but I still don't trust it."
FB-001877,2026-08-10T13:17:00Z,company_admin,app_review,London,business_basic,accounts,2,monthly,I accidentally used my personal card for a work booking.
FB-001878,2025-08-22T10:13:00Z,freelancer,in_app_feedback,Dubai,individual,accounts,2,monthly,I want a clearer indicator when I'm booking under the company account. Maybe this was specific to one venue.
FB-001879,2026-06-28T23:03:00Z,small_business,interview_excerpt,Karachi,business_plus,search,1,first_time,"I can find a desk, but it's hard to tell which ones allow calls."
FB-001880,2026-06-10T20:43:00Z,small_business,support_ticket,Karachi,business_basic,availability,2,monthly,I don't trust the availability anymore because the same thing happened twice.
FB-001881,2026-08-03T11:02:00Z,freelancer,interview_excerpt,Riyadh,operator,booking_changes,2,weekly,"The refund was correct, but the rescheduling flow took too many steps. This is the main reason I'd hesitate to book again."
FB-001882,2026-07-18T00:45:00Z,freelancer,account_team_note,London,operator,checkout,2,monthly,The workspace price looked good until the extra fee appeared. This happened twice this month.
FB-001883,2026-07-06T08:03:00Z,coworking_operator,email_feedback,Dubai,business_basic,operator_tools,1,first_time,I want to copy the same closure to multiple workspace types. My colleague had a similar issue last week.
FB-001884,2026-04-30T23:20:00Z,freelancer,app_review,Lahore,individual,checkout,2,first_time,"The final total was correct, but the pricing breakdown could be easier to scan. I use DeskNest most weeks."
FB-001885,2026-02-07T16:06:00Z,remote_employee,interview_excerpt,Karachi,business_plus,search,1,weekly,The filters reset when I go back from a venue page. The first booking was fine and the second one wasn't.
FB-001886,2026-07-18T05:20:00Z,remote_employee,interview_excerpt,Lahore,business_plus,general,5,monthly,"I found a desk near the station and booked it in under two minutes. Not a deal-breaker, just annoying."
FB-001887,2026-08-02T05:21:00Z,small_business,support_ticket,Dubai,operator,accounts,1,weekly,Switching between my personal bookings and company bookings is confusing. Support eventually sorted it out.
FB-001888,2025-09-20T06:48:00Z,freelancer,interview_excerpt,Lahore,operator,checkout,1,weekly,"The total changed enough at checkout that I went back to compare venues. It worked the next time, but I still don't trust it."
FB-001889,2026-01-10T02:02:00Z,small_business,survey,Dubai,individual,booking_changes,3,weekly,"For a team booking, changing one detail feels like rebuilding the whole thing. This is the main reason I'd hesitate to book again."
FB-001890,2025-12-05T12:33:00Z,coworking_operator,interview_excerpt,Riyadh,individual,operator_tools,3,monthly,I need clearer confirmation that an inventory block actually saved. Maybe this was specific to one venue.
FB-001891,2025-12-29T17:57:00Z,freelancer,in_app_feedback,Manchester,business_basic,search,2,first_time,"I can find a desk, but it's hard to tell which ones allow calls. Support eventually sorted it out."
FB-001892,2026-02-07T19:24:00Z,remote_employee,app_review,Islamabad,operator,accounts,2,occasional,Our employees keep asking which payment method will be charged. The first booking was fine and the second one wasn't.
FB-001893,2026-01-01T19:22:00Z,small_business,app_review,Remote,business_basic,venue,2,weekly,The space was much noisier than the listing made it sound. The first booking was fine and the second one wasn't.
FB-001894,2025-10-04T20:46:00Z,freelancer,email_feedback,Dubai,business_plus,refunds,2,monthly,"Support said the refund was sent, but I couldn't see it yet."
FB-001895,2025-08-07T10:50:00Z,remote_employee,survey,Islamabad,business_basic,general,4,monthly,The booking flow is fast when I already know the area. My colleague had a similar issue last week.
FB-001896,2025-09-07T08:36:00Z,freelancer,app_review,Manchester,individual,general,4,occasional,I use DeskNest every week because it saves me calling venues. My colleague had a similar issue last week.
FB-001897,2026-02-18T15:07:00Z,freelancer,app_review,Karachi,business_plus,confirmation,3,weekly,I thought the booking failed because I didn't get a confirmation email.
FB-001898,2026-04-10T20:05:00Z,remote_employee,account_team_note,Dubai,business_plus,booking_changes,3,occasional,I want to move a booking to another time without losing the room. The first booking was fine and the second one wasn't.
FB-001899,2026-06-30T11:43:00Z,small_business,account_team_note,London,business_plus,checkout,2,first_time,It would help to show an all-in price in search results. I mostly book same-day.
FB-001900,2026-03-02T17:07:00Z,coworking_operator,survey,Riyadh,business_plus,operator_tools,1,first_time,"We had a customer arrive after we thought the room was closed online. Not a deal-breaker, just annoying."
FB-001901,2026-07-13T22:30:00Z,remote_employee,support_ticket,Riyadh,business_basic,confirmation,2,weekly,I thought the booking failed because I didn't get a confirmation email. The first booking was fine and the second one wasn't.
FB-001902,2026-01-04T05:24:00Z,small_business,email_feedback,Islamabad,individual,venue,5,weekly,"Reception was helpful, but the access instructions in the app were outdated. It worked the next time, but I still don't trust it."
FB-001903,2026-06-07T13:01:00Z,coworking_operator,survey,London,operator,operator_tools,1,monthly,"When we have maintenance, updating every desk separately is painful."
FB-001904,2026-02-12T05:14:00Z,remote_employee,in_app_feedback,Dubai,operator,refunds,1,occasional,"The cancellation went through quickly, but the money took longer. I mostly book same-day."
FB-001905,2025-08-13T12:48:00Z,coworking_operator,support_ticket,Remote,business_plus,operator_tools,2,first_time,Availability sometimes takes too long to reflect a change we made in the portal.
FB-001906,2026-02-14T02:43:00Z,small_business,app_review,Karachi,business_basic,checkout,1,monthly,"The final total was correct, but the pricing breakdown could be easier to scan."
FB-001907,2026-02-26T12:26:00Z,small_business,survey,Lahore,individual,billing,3,occasional,The billing address was wrong and I couldn't correct it myself after booking.
FB-001908,2025-11-18T14:02:00Z,freelancer,survey,Manchester,operator,venue,4,monthly,The venue was clean and exactly as described. I noticed the same thing in another city.
FB-001909,2025-12-18T20:32:00Z,company_admin,email_feedback,Manchester,operator,booking_changes,1,weekly,Changing the booking time should be easier than cancelling and starting again.
FB-001910,2026-02-05T12:03:00Z,company_admin,interview_excerpt,Karachi,individual,billing,3,monthly,I need the company name and tax details on the invoice. This happened twice this month.
FB-001911,2025-11-04T17:02:00Z,small_business,in_app_feedback,Dubai,business_plus,booking_changes,2,monthly,"For a team booking, changing one detail feels like rebuilding the whole thing. Not a deal-breaker, just annoying."
FB-001912,2025-10-09T13:13:00Z,coworking_operator,email_feedback,Karachi,business_basic,operator_tools,2,first_time,I want to copy the same closure to multiple workspace types. Maybe this was specific to one venue.
FB-001913,2026-01-14T12:20:00Z,freelancer,in_app_feedback,Karachi,business_plus,support,3,weekly,"The answer was good, but it took almost a day."
FB-001914,2026-03-09T21:37:00Z,remote_employee,email_feedback,Karachi,business_plus,confirmation,1,first_time,"The push notification arrived right away, but email was delayed. This mattered more because I was already late for a meeting."
FB-001915,2026-02-14T13:58:00Z,small_business,interview_excerpt,Remote,business_basic,general,5,monthly,Our team booked a room for eight people without needing support.
FB-001916,2025-12-18T13:21:00Z,coworking_operator,support_ticket,Karachi,individual,operator_tools,2,weekly,"Our local calendar showed the room blocked, but DeskNest still accepted a request. Support eventually sorted it out."
FB-001917,2025-08-26T00:13:00Z,freelancer,interview_excerpt,Lahore,business_plus,refunds,2,occasional,I wasn't sure whether the refund was partial or still pending. I mostly book same-day.
FB-001918,2026-08-11T23:20:00Z,coworking_operator,support_ticket,Islamabad,business_basic,operator_tools,1,first_time,I need clearer confirmation that an inventory block actually saved. I mostly book same-day.
FB-001919,2026-06-15T18:32:00Z,small_business,support_ticket,London,business_plus,checkout,3,weekly,"I don't mind paying the fee, but I want to see it earlier."
FB-001920,2026-07-25T05:56:00Z,small_business,survey,London,business_plus,accounts,2,occasional,"Our employees keep asking which payment method will be charged. Not a deal-breaker, just annoying."
FB-001921,2025-12-27T05:49:00Z,remote_employee,email_feedback,Islamabad,business_plus,accounts,2,occasional,"I like having both accounts, I just want the switch to be more obvious. Support eventually sorted it out."
FB-001922,2025-12-07T02:08:00Z,coworking_operator,in_app_feedback,Remote,operator,operator_tools,1,first_time,"The calendar is usable, but bulk close is still limited for some inventory."
FB-001923,2025-09-09T00:30:00Z,small_business,survey,Lahore,individual,availability,3,occasional,I don't trust the availability anymore because the same thing happened twice. I use DeskNest most weeks.
FB-001924,2025-11-10T07:34:00Z,coworking_operator,app_review,Manchester,business_plus,general,4,monthly,The booking flow is fast when I already know the area. I use DeskNest most weeks.
FB-001925,2026-07-17T00:49:00Z,remote_employee,in_app_feedback,Riyadh,business_plus,support,4,first_time,The second agent didn't seem to have the context from my earlier message.
FB-001926,2025-08-16T05:10:00Z,freelancer,support_ticket,London,operator,refunds,2,first_time,I wasn't sure whether the refund was partial or still pending.
FB-001927,2026-03-26T16:22:00Z,remote_employee,in_app_feedback,Remote,business_plus,search,1,occasional,I need a quiet-call filter because I keep opening listings one by one. Support eventually sorted it out.
FB-001928,2025-09-23T14:25:00Z,coworking_operator,app_review,Riyadh,business_plus,other,5,weekly,"Not sure yet, I only used it once."
FB-001929,2025-11-01T16:58:00Z,company_admin,app_review,Dubai,business_basic,other,5,occasional,Great app.
FB-001930,2026-01-31T05:17:00Z,company_admin,support_ticket,Lahore,business_plus,search,1,weekly,"I can find a desk, but it's hard to tell which ones allow calls."
FB-001931,2026-03-20T08:44:00Z,company_admin,survey,Dubai,operator,availability,3,weekly,I don't trust the availability anymore because the same thing happened twice.
FB-001932,2025-10-21T06:17:00Z,small_business,support_ticket,Dubai,operator,availability,3,occasional,I had a confirmed booking and there wasn't actually a free room when I arrived. I use DeskNest most weeks.
FB-001933,2026-04-13T20:39:00Z,freelancer,survey,Manchester,business_basic,venue,4,monthly,"The monitor in the photos wasn't available at my desk. It worked the next time, but I still don't trust it."
FB-001934,2025-11-11T21:12:00Z,small_business,account_team_note,Karachi,business_basic,other,2,first_time,"Not sure yet, I only used it once."
FB-001935,2026-07-25T09:08:00Z,company_admin,email_feedback,Islamabad,operator,other,3,occasional,The chairs were blue.
FB-001936,2026-06-21T11:00:00Z,remote_employee,in_app_feedback,Dubai,operator,confirmation,2,occasional,The app said pending for a few minutes even though the payment went through. Support eventually sorted it out.
FB-001937,2025-12-19T10:55:00Z,small_business,survey,Karachi,business_basic,accounts,3,occasional,I want a clearer indicator when I'm booking under the company account.
FB-001938,2026-05-09T13:02:00Z,small_business,in_app_feedback,Lahore,business_basic,confirmation,2,weekly,I received two confirmation emails for the same booking.
FB-001939,2025-08-24T00:09:00Z,freelancer,in_app_feedback,Riyadh,business_basic,support,3,monthly,I wish support could see the earlier refund conversation without asking again. Our team has around eight people.
FB-001940,2025-10-06T11:35:00Z,small_business,survey,Karachi,business_plus,availability,2,first_time,Availability looked fine online and the operator had already blocked the room.
FB-001941,2025-12-17T12:30:00Z,freelancer,support_ticket,Dubai,business_basic,availability,1,occasional,"My booking existed, but the venue said their calendar had something different. My colleague had a similar issue last week."
FB-001942,2026-04-23T06:25:00Z,small_business,support_ticket,Lahore,individual,accounts,1,first_time,Switching between my personal bookings and company bookings is confusing. Our team has around eight people.
FB-001943,2026-07-01T10:01:00Z,coworking_operator,account_team_note,Karachi,individual,general,5,occasional,Our team booked a room for eight people without needing support. The first booking was fine and the second one wasn't.
FB-001944,2026-01-30T21:14:00Z,remote_employee,interview_excerpt,Karachi,operator,support,2,occasional,The second agent didn't seem to have the context from my earlier message. The first booking was fine and the second one wasn't.
FB-001945,2026-06-29T21:44:00Z,remote_employee,in_app_feedback,Karachi,operator,venue,4,weekly,The listing should say whether phone calls are allowed in the open area. My colleague had a similar issue last week.
FB-001946,2025-09-02T18:53:00Z,freelancer,interview_excerpt,Karachi,individual,booking_changes,1,first_time,We had to cancel the whole room because two attendees changed. Our team has around eight people.
FB-001947,2025-09-02T20:50:00Z,company_admin,account_team_note,Karachi,business_basic,billing,2,occasional,"Our finance team needs one invoice for the whole month, not twenty separate receipts. This happened twice this month."
FB-001948,2025-08-16T10:32:00Z,freelancer,email_feedback,Riyadh,business_plus,checkout,1,occasional,"The fee isn't huge, it just feels hidden until late in the process. I noticed the same thing in another city."
FB-001949,2026-04-10T01:57:00Z,company_admin,interview_excerpt,Karachi,business_plus,booking_changes,2,occasional,It's not clear which bookings can be changed directly.
FB-001950,2025-12-21T18:06:00Z,small_business,app_review,Islamabad,business_basic,availability,2,occasional,"I had a confirmed booking and there wasn't actually a free room when I arrived. It worked the next time, but I still don't trust it."
FB-001951,2025-11-08T05:22:00Z,coworking_operator,app_review,Dubai,business_plus,venue,5,weekly,Wi-Fi was excellent and the desk matched the listing. My colleague had a similar issue last week.
FB-001952,2025-10-13T07:10:00Z,small_business,survey,London,business_plus,general,5,monthly,The map and date search make last-minute booking easy. Maybe this was specific to one venue.
FB-001953,2025-12-26T20:02:00Z,freelancer,email_feedback,Riyadh,business_plus,search,2,first_time,"I want to filter for desks with an external monitor, not just venues that have monitors somewhere. Maybe this was specific to one venue."
FB-001954,2026-05-18T05:46:00Z,remote_employee,email_feedback,Manchester,individual,availability,2,occasional,"DeskNest said the desk was open, but reception told me they had no space. This mattered more because I was already late for a meeting."
FB-001955,2026-04-22T18:09:00Z,remote_employee,app_review,Dubai,operator,venue,3,weekly,Wi-Fi was excellent and the desk matched the listing. This mattered more because I was already late for a meeting.
FB-001956,2026-02-05T12:28:00Z,freelancer,app_review,Riyadh,individual,search,2,weekly,The filters reset when I go back from a venue page.
FB-001957,2026-04-03T08:29:00Z,coworking_operator,email_feedback,Dubai,individual,operator_tools,2,monthly,"When we have maintenance, updating every desk separately is painful. Our team has around eight people."
FB-001958,2025-09-10T16:05:00Z,freelancer,app_review,Riyadh,business_plus,booking_changes,1,occasional,It's not clear which bookings can be changed directly. I use DeskNest most weeks.
FB-001959,2026-04-16T04:58:00Z,freelancer,app_review,Lahore,business_basic,booking_changes,2,weekly,"For a team booking, changing one detail feels like rebuilding the whole thing. My colleague had a similar issue last week."
FB-001960,2026-01-31T21:16:00Z,remote_employee,email_feedback,Manchester,business_basic,billing,2,monthly,I need the company name and tax details on the invoice. I noticed the same thing in another city.
FB-001961,2026-01-28T20:18:00Z,freelancer,email_feedback,Islamabad,operator,support,3,monthly,"The agent was quick, but I had already sent the booking ID in the first message."
FB-001962,2025-11-26T05:38:00Z,remote_employee,in_app_feedback,Dubai,operator,general,5,first_time,I use DeskNest every week because it saves me calling venues. I noticed the same thing in another city.
FB-001963,2025-08-03T11:22:00Z,small_business,email_feedback,Riyadh,individual,availability,2,first_time,"The app showed a room available, but the venue said it was already booked. It worked the next time, but I still don't trust it."
FB-001964,2026-05-05T09:27:00Z,freelancer,app_review,Karachi,business_plus,checkout,1,monthly,"The fee isn't huge, it just feels hidden until late in the process."
FB-001965,2025-09-21T00:37:00Z,freelancer,email_feedback,Dubai,individual,checkout,3,monthly,"I don't mind paying the fee, but I want to see it earlier. Support eventually sorted it out."
FB-001966,2026-05-20T00:32:00Z,small_business,app_review,Manchester,individual,accounts,2,weekly,"I like having both accounts, I just want the switch to be more obvious. It worked the next time, but I still don't trust it."
FB-001967,2026-04-24T15:32:00Z,freelancer,in_app_feedback,Dubai,business_plus,checkout,3,weekly,"I don't mind paying the fee, but I want to see it earlier. The first booking was fine and the second one wasn't."
FB-001968,2026-07-07T23:40:00Z,small_business,support_ticket,London,individual,billing,3,weekly,We spend too much time downloading one document per booking. The first booking was fine and the second one wasn't.
FB-001969,2025-08-20T18:09:00Z,freelancer,account_team_note,Manchester,business_plus,confirmation,2,weekly,The booking was confirmed in the app but the email came twenty minutes later. I noticed the same thing in another city.
FB-001970,2025-11-09T17:29:00Z,company_admin,survey,Lahore,business_plus,availability,3,weekly,I don't trust the availability anymore because the same thing happened twice. The first booking was fine and the second one wasn't.
FB-001971,2026-07-22T11:12:00Z,remote_employee,survey,Dubai,business_plus,accounts,2,occasional,I want a clearer indicator when I'm booking under the company account. This mattered more because I was already late for a meeting.
FB-001972,2026-01-31T06:24:00Z,coworking_operator,support_ticket,Karachi,business_basic,support,2,weekly,"The answer was good, but it took almost a day. Our team has around eight people."
FB-001973,2026-01-31T09:15:00Z,remote_employee,in_app_feedback,Riyadh,business_basic,search,2,first_time,The filters reset when I go back from a venue page.
FB-001974,2025-10-04T12:41:00Z,freelancer,survey,London,business_plus,availability,1,weekly,"The space disappeared between search and checkout, which was frustrating. I use DeskNest most weeks."
FB-001975,2026-08-03T01:27:00Z,freelancer,interview_excerpt,Riyadh,business_basic,accounts,2,first_time,"The company allowance is useful, but I sometimes lose track of which profile I'm using."
FB-001976,2026-02-25T09:58:00Z,company_admin,in_app_feedback,Lahore,business_basic,checkout,2,weekly,It would help to show an all-in price in search results. I mostly book same-day.
FB-001977,2026-03-02T08:16:00Z,small_business,survey,Riyadh,operator,search,3,occasional,"I want to filter for desks with an external monitor, not just venues that have monitors somewhere. Our team has around eight people."
FB-001978,2025-10-28T10:49:00Z,company_admin,in_app_feedback,Islamabad,individual,general,5,first_time,The operator dashboard is much easier than our old spreadsheet. This happened twice this month.
FB-001979,2026-06-02T09:25:00Z,company_admin,in_app_feedback,Dubai,business_basic,refunds,3,first_time,"Support said the refund was sent, but I couldn't see it yet. Our team has around eight people."
FB-001980,2026-05-01T00:22:00Z,remote_employee,interview_excerpt,Manchester,business_plus,billing,2,weekly,We spend too much time downloading one document per booking. I use DeskNest most weeks.
FB-001981,2025-09-02T06:27:00Z,freelancer,account_team_note,Islamabad,individual,general,4,occasional,The map and date search make last-minute booking easy. This mattered more because I was already late for a meeting.
FB-001982,2026-02-25T08:33:00Z,coworking_operator,interview_excerpt,Lahore,individual,operator_tools,2,weekly,I want to copy the same closure to multiple workspace types. The first booking was fine and the second one wasn't.
FB-001983,2025-11-10T16:17:00Z,remote_employee,in_app_feedback,Dubai,operator,availability,2,first_time,"The app showed a room available, but the venue said it was already booked. This happened twice this month."
FB-001984,2026-06-03T08:11:00Z,small_business,app_review,Riyadh,business_plus,booking_changes,3,occasional,"The refund was correct, but the rescheduling flow took too many steps. The first booking was fine and the second one wasn't."
FB-001985,2025-10-09T21:38:00Z,freelancer,email_feedback,Manchester,business_plus,booking_changes,1,occasional,I want to move a booking to another time without losing the room. The first booking was fine and the second one wasn't.
FB-001986,2025-10-06T09:15:00Z,remote_employee,survey,Dubai,operator,availability,1,monthly,"DeskNest said the desk was open, but reception told me they had no space. Not a deal-breaker, just annoying."
FB-001987,2026-07-27T18:41:00Z,remote_employee,support_ticket,Manchester,individual,search,2,occasional,The filters reset when I go back from a venue page. I mostly book same-day.
FB-001988,2025-12-08T05:28:00Z,freelancer,app_review,Manchester,business_plus,general,5,weekly,The booking flow is fast when I already know the area. Our team has around eight people.
FB-001989,2025-08-30T07:58:00Z,remote_employee,app_review,Remote,business_plus,billing,3,occasional,"Our finance team needs one invoice for the whole month, not twenty separate receipts. It worked the next time, but I still don't trust it."
FB-001990,2026-07-03T10:29:00Z,freelancer,support_ticket,London,operator,refunds,1,monthly,"The cancellation went through quickly, but the money took longer. This happened twice this month."
FB-001991,2026-07-13T01:13:00Z,remote_employee,email_feedback,Islamabad,individual,booking_changes,3,weekly,"For a team booking, changing one detail feels like rebuilding the whole thing. Maybe this was specific to one venue."
FB-001992,2026-01-14T04:17:00Z,company_admin,app_review,Karachi,individual,general,5,first_time,I use DeskNest every week because it saves me calling venues.
FB-001993,2026-02-23T02:15:00Z,freelancer,survey,Islamabad,individual,search,1,weekly,"I want to filter for desks with an external monitor, not just venues that have monitors somewhere."
FB-001994,2025-10-09T00:06:00Z,company_admin,in_app_feedback,Remote,individual,billing,1,occasional,The billing address was wrong and I couldn't correct it myself after booking. This is the main reason I'd hesitate to book again.
FB-001995,2025-12-25T15:30:00Z,freelancer,account_team_note,Manchester,individual,availability,2,first_time,"DeskNest said the desk was open, but reception told me they had no space. I noticed the same thing in another city."
FB-001996,2026-05-02T02:19:00Z,freelancer,survey,Lahore,business_plus,checkout,1,occasional,The total changed enough at checkout that I went back to compare venues.
FB-001997,2025-11-10T22:36:00Z,coworking_operator,interview_excerpt,Riyadh,business_basic,general,5,first_time,The booking flow is fast when I already know the area.
FB-001998,2026-03-29T12:15:00Z,small_business,survey,Lahore,operator,other,5,monthly,"Not sure yet, I only used it once."
FB-001999,2026-03-26T23:41:00Z,freelancer,interview_excerpt,Manchester,operator,support,2,occasional,"Support fixed it, but I had to explain the same booking problem twice. I mostly book same-day."
FB-002000,2025-09-14T16:09:00Z,small_business,app_review,Lahore,business_plus,billing,2,first_time,"Our finance team needs one invoice for the whole month, not twenty separate receipts. I use DeskNest most weeks."
